-- Minecraft Structures Database
-- Descripción: Archivo SQL para insertar los registros a base de datos
-- Autores:

INSERT INTO dimension(identifier,numeric_id,name)VALUES
	('overworld' , 0 , 'overworld'),
	('the_nether' , -1 , 'nether'),
	('the_end' , 1 , 'the end');

INSERT INTO biome(identifier,numeric_id,name,temperature,precipitation,grass_color,foliage_color,water_color,dimension_identifier)VALUES
	('ocean' , 44 , 'ocean' , 0.5 , 'yes' , '#8eb971' , '#71a74d' , '#3f76e4' , 'overworld'),
	('deep_ocean' , 45 , 'deep ocean' , 0.5 , 'yes' , '#8eb971' , '#71a74d' , '#3f76e4' , 'overworld'),
	('frozen_ocean' , 48 , 'frozen ocean' , 0.0 , 'yes' , '#80b497' , '#60a17b' , '#3938c9' , 'overworld'),
	('deep_frozen_ocean' , 49 , 'deep frozen ocean' , 0.0 , 'yes' , '#8eb971' , '#71a74d' , '#3938c9' , 'overworld'),
	('cold_ocean' , 46 , 'cold ocean' , 0.5 , 'yes' , '#8eb971' , '#71a74d' , '#3d57d6' , 'overworld'),
	('deep_cold_ocean' , 47 , 'deep cold ocean' , 0.5 , 'yes' , '#8eb971' , '#71a74d' , '#3d57d6' , 'overworld'),
	('lukewarm_ocean' , 42 , 'lukewarm ocean' , 0.5 , 'yes' , '#8eb971' , '#71a74d' , '#45adf2' , 'overworld'),
	('deep_lukewarm_ocean' , 43 , 'deep lukewarm ocean' , 0.5 , 'yes' , '#8eb971' , '#71a74d' , '#45adf2' , 'overworld'),
	('warm_ocean' , 41 , 'warm ocean' , 0.5 , 'yes' , '#8eb971' , '#71a74d' , '#43d5ee' , 'overworld'),
	('mushroom_fields' , 50 , 'mushroom fields' , 0.9 , 'yes' , '#55c93f' , '#2bbb0f' , '#3f76e4' , 'overworld'),
	('meadow' , 29 , 'meadow' , 0.5 , 'yes' , '#83bb6d' , '#63a948' , '#0e4ecf' , 'overworld'),
	('cherry_grove' , 30 , 'cherry grove' , 0.5 , 'yes' , '#b6db61' , '#b6db61' , '#5db7ef' , 'overworld'),
	('grove' , 31 , 'grove' , -0.2 , 'yes' , '#80b497' , '#60a17b' , '#3f76e4' , 'overworld'),
	('snowy_slopes' , 32 , 'snowy slopes' , -0.3 , 'yes' , '#80b497' , '#60a17b' , '#3f76e4' , 'overworld'),
	('jagged_peaks' , 34 , 'jagged peaks' , -0.7 , 'yes' , '#80b497' , '#60a17b' , '#3f76e4' , 'overworld'),
	('frozen_peaks' , 33 , 'frozen peaks' , -0.7 , 'yes' , '#80b497' , '#60a17b' , '#3f76e4' , 'overworld'),
	('stony_peaks' , 35 , 'stony peaks' , 1.0 , 'yes' , '#9abe4b' , '#82ac1e' , '#3f76e4' , 'overworld'),
	('windswept_hills' , 19 , 'windswept hills' , 0.2 , 'yes' , '#8ab689' , '#6da36b' , '#3f76e4' , 'overworld'),
	('windswept_forest' , 21 , 'windswept forest' , 0.2 , 'yes' , '#8ab689' , '#6da36b' , '#3f76e4' , 'overworld'),
	('windswept_gravelly_hills' , 20 , 'windswept gravelly hills' , 0.2 , 'yes' , '#8ab689' , '#6da36b' , '#3f76e4' , 'overworld'),
	('forest' , 8 , 'forest' , 0.7 , 'yes' , '#79c05a' , '#59ae30' , '#3f76e4' , 'overworld'),
	('flower_forest' , 9 , 'flower forest' , 0.7 , 'yes' , '#79c05a' , '#59ae30' , '#3f76e4' , 'overworld'),
	('taiga' , 15 , 'taiga' , 0.25 , 'yes' , '#86b783' , '#68a464' , '#3f76e4' , 'overworld'),
	('old_growth_pine_taiga' , 13 , 'old growth pine taiga' , 0.3 , 'yes' , '#86b87f' , '#68a55f' , '#3f76e4' , 'overworld'),
	('old_growth_spruce_taiga' , 14 , 'old growth spruce taiga' , 0.25 , 'yes' , '#86b783' , '#68a464' , '#3f76e4' , 'overworld'),
	('snowy_taiga' , 16 , 'snowy taiga' , -0.5 , 'yes' , '#80b497' , '#60a17b' , '#3d57d6' , 'overworld'),
	('birch_forest' , 10 , 'birch forest' , 0.6 , 'yes' , '#88bb67' , '#6ba941' , '#3f76e4' , 'overworld'),
	('old_growth_birch_forest' , 12 , 'old growth birch forest' , 0.6 , 'yes' , '#88bb67' , '#6ba941' , '#3f76e4' , 'overworld'),
	('dark_forest' , 11 , 'dark forest' , 0.7 , 'yes' , '#507a32' , '#59ae30' , '#3f76e4' , 'overworld'),
	('jungle' , 23 , 'jungle' , 0.95 , 'yes' , '#59c93c' , '#30bb0b' , '#3f76e4' , 'overworld'),
	('sparse_jungle' , 24 , 'sparse jungle' , 0.95 , 'yes' , '#64c73f' , '#3eb80f' , '#3f76e4' , 'overworld'),
	('bamboo_jungle' , 25 , 'bamboo jungle' , 0.95 , 'yes' , '#59c93c' , '#30bb0b' , '#3f76e4' , 'overworld'),
	('river' , 36 , 'river' , 0.5 , 'yes' , '#8eb971' , '#71a74d' , '#3f76e4' , 'overworld'),
	('frozen_river' , 37 , 'frozen river' , 0.0 , 'yes' , '#80b497' , '#60a17b' , '#3938c9' , 'overworld'),
	('swamp' , 6 , 'swamp' , 0.8 , 'yes' , '#6a7039' , '#6a7039' , '#617b64' , 'overworld'),
	('mangrove_swamp' , 7 , 'mangrove swamp' , 0.8 , 'yes' , '#6a7039' , '#8db127' , '#3a7a6a' , 'overworld'),
	('beach' , 38 , 'beach' , 0.8 , 'yes' , '#91bd59' , '#77ab2f' , '#3f76e4' , 'overworld'),
	('stony_shore' , 40 , 'stony shore' , 0.2 , 'yes' , '#8ab689' , '#6da36b' , '#3f76e4' , 'overworld'),
	('snowy_beach' , 39 , 'snowy beach' , 0.05 , 'yes' , '#83b593' , '#64a278' , '#3d57d6' , 'overworld'),
	('plains' , 1 , 'plains' , 0.8 , 'yes' , '#91bd59' , '#77ab2f' , '#3f76e4' , 'overworld'),
	('sunflower_plains' , 2 , 'sunflower plains' , 0.8 , 'yes' , '#91bd59' , '#77ab2f' , '#3f76e4' , 'overworld'),
	('snowy_plains' , 3 , 'snowy plains' , 0.0 , 'yes' , '#80b497' , '#60a17b' , '#3f76e4' , 'overworld'),
	('ice_spikes' , 4 , 'ice spikes' , 0.0 , 'yes' , '#80b497' , '#60a17b' , '#3f76e4' , 'overworld'),
	('desert' , 5 , 'desert' , 2.0 , 'no' , '#bfb755' , '#aea42a' , '#3f76e4' , 'overworld'),
	('savanna' , 17 , 'savanna' , 2.0 , 'no' , '#bfb755' , '#aea42a' , '#3f76e4' , 'overworld'),
	('savanna_plateau' , 18 , 'savanna plateau' , 2.0 , 'no' , '#bfb755' , '#aea42a' , '#3f76e4' , 'overworld'),
	('windswept_savanna' , 22 , 'windswept savanna' , 2.0 , 'no' , '#bfb755' , '#aea42a' , '#3f76e4' , 'overworld'),
	('badlands' , 26 , 'badlands' , 2.0 , 'no' , '#90814d' , '#9e814d' , '#3f76e4' , 'overworld'),
	('wooded_badlands' , 28 , 'wooded badlands' , 2.0 , 'no' , '#90814d' , '#9e814d' , '#3f76e4' , 'overworld'),
	('eroded_badlands' , 27 , 'eroded badlands' , 2.0 , 'no' , '#90814d' , '#9e814d' , '#3f76e4' , 'overworld'),
	('deep_dark' , 53 , 'deep dark' , 0.8 , 'yes' , '#91bd59' , '#77ab2f' , '#3f76e4' , 'overworld'),
	('dripstone_caves' , 51 , 'dripstone caves' , 0.8 , 'yes' , '#91bd59' , '#77ab2f' , '#3f76e4' , 'overworld'),
	('lush_caves' , 52 , 'lush caves' , 0.5 , 'yes' , '#8eb971' , '#71a74d' , '#3f76e4' , 'overworld'),
	('the_void' , 0 , 'the void' , 0.5 , 'no' , '#8eb971' , '#71a74d' , '#3f76e4' , 'overworld'),
	('nether_wastes' , 54 , 'nether wastes' , 2.0 , 'no' , '#bfb755' , '#aea42a' , '#3f76e4' , 'the_nether'),
	('soul_sand_valley' , 57 , 'soul sand valley' , 2.0 , 'no' , '#bfb755' , '#aea42a' , '#3f76e4' , 'the_nether'),
	('crimson_forest' , 56 , 'crimson forest' , 2.0 , 'no' , '#bfb755' , '#aea42a' , '#3f76e4' , 'the_nether'),
	('warped_forest' , 55 , 'warped forest' , 2.0 , 'no' , '#bfb755' , '#aea42a' , '#3f76e4' , 'the_nether'),
	('basalt_deltas' , 58 , 'basalt deltas' , 2.0 , 'no' , '#bfb755' , '#aea42a' , '#3f76e4' , 'the_nether'),
	('the_end' , 59 , 'the end' , 0.5 , 'no' , '#8eb971' , '#71a74d' , '#3f76e4' , 'the_end'),
	('end_highlands' , 60 , 'end highlands' , 0.5 , 'no' , '#8eb971' , '#71a74d' , '#3f76e4' , 'the_end'),
	('end_midlands' , 61 , 'end midlands' , 0.5 , 'no' , '#8eb971' , '#71a74d' , '#3f76e4' , 'the_end'),
	('end_barrens' , 63 , 'end barrens' , 0.5 , 'no' , '#8eb971' , '#71a74d' , '#3f76e4' , 'the_end'),
	('small_end_islands' , 62 , 'small end islands' , 0.5 , 'no' , '#8eb971' , '#71a74d' , '#3f76e4' , 'the_end');

INSERT INTO structure(identifier,name)VALUES
	('ancient_city' , 'ancient city'),
	('mineshaft' , 'mineshaft'),
	('stronghold' , 'stronghold'),
	('buried_treasure' , 'buried treasure'),
	('trail_ruins' , 'trail ruins'),
	('desert_pyramid' , 'desert pyramid'),
	('igloo' , 'igloo'),
	('jungle_temple' , 'jungle temple'),
	('pillager_outpost' , 'pillager outpost'),
	('swamp_hut' , 'swamp hut'),
	('village' , 'village'),
	('abandoned_village' , 'abandoned village'),
	('woodland_mansion' , 'woodland mansion'),
	('ocean_ruins' , 'ocean ruins'),
	('shipwreck' , 'shipwreck'),
	('ocean_monument' , 'ocean monument'),
	('nether_fortress' , 'nether fortress'),
	('bastion_remnant' , 'bastion remnant'),
	('nether_fossil' , 'nether fossil'),
	('end_city' , 'end city'),
	('dungeon' , 'dungeon'),
	('desert_well' , 'desert well'),
	('bonus_chest' , 'bonus chest'),
	('pile' , 'pile'),
	('forest_rock' , 'forest rock'),
	('geode' , 'geode'),
	('fossil' , 'fossil'),
	('ice_spike' , 'ice spike'),
	('iceberg' , 'iceberg'),
	('exit_portal' , 'exit portal'),
	('end_gateway' , 'end gateway'),
	('end_spike' , 'obsidian pillar'),
	('obsidian_platform' , 'obsidian platform'),
	('void_start_platform' , 'void start platform'),
	('ruined_portal' , 'ruined portal');

