-- Minecraft Structures Database
-- Descripción: Archivo SQL para insertar los registros a base de datos
-- Autores:

INSERT INTO dimension(identifier,numeric_id,name) VALUES
	('overworld' , 0 , 'overworld'),
	('the_nether' , -1 , 'nether'),
	('the_end' , 1 , 'the end');

INSERT INTO biome(identifier,numeric_id,name,temperature,precipitation,grass_color,foliage_color,water_color,dimension_identifier) VALUES
	('ocean' , 44 , 'ocean' , 0.5 , 'yes' , '#8eb971' , '#71a74d' , '#3f76e4' , 'overworld'),
	('deep_ocean' , 45 , 'deep ocean' , 0.5 , 'yes' , '#8eb971' , '#71a74d' , '#3f76e4' , 'overworld'),
	('frozen_ocean' , 48 , 'frozen ocean' , 0.0 , 'yes' , '#80b497' , '#60a17b' , '#3938c9' , 'overworld'),
	('deep_frozen_ocean' , 49 , 'deep frozen ocean' , 0.0 , 'yes' , '#8eb971' , '#71a74d' , '#3938c9' , 'overworld'),
	('cold_ocean' , 46 , 'cold ocean' , 0.5 , 'yes' , '#8eb971' , '#71a74d' , '#3d57d6' , 'overworld'),
	('deep_cold_ocean' , 47 , 'deep cold ocean' , 0.5 , 'yes' , '#8eb971' , '#71a74d' , '#3d57d6' , 'overworld'),
	('lukewarm_ocean' , 42 , 'lukewarm ocean' , 0.5 , 'yes' , '#8eb971' , '#71a74d' , '#45adf2' , 'overworld'),
	('deep_lukewarm_ocean' , 43 , 'deep lukewarm ocean' , 0.5 , 'yes' , '#8eb971' , '#71a74d' , '#45adf2' , 'overworld'),
	('warm_ocean' , 41 , 'warm ocean' , 0.5 , 'yes' , '#8eb971' , '#71a74d' , '#43d5ee' , 'overworld'),
	('mushroom_fields' , 50 , 'mushroom fields' , 0.9 , 'yes' , '#55c93f' , '#2bbb0f' , '#3f76e4' , 'overworld'),
	('meadow' , 29 , 'meadow' , 0.5 , 'yes' , '#83bb6d' , '#63a948' , '#0e4ecf' , 'overworld'),
	('cherry_grove' , 30 , 'cherry grove' , 0.5 , 'yes' , '#b6db61' , '#b6db61' , '#5db7ef' , 'overworld'),
	('grove' , 31 , 'grove' , -0.2 , 'yes' , '#80b497' , '#60a17b' , '#3f76e4' , 'overworld'),
	('snowy_slopes' , 32 , 'snowy slopes' , -0.3 , 'yes' , '#80b497' , '#60a17b' , '#3f76e4' , 'overworld'),
	('jagged_peaks' , 34 , 'jagged peaks' , -0.7 , 'yes' , '#80b497' , '#60a17b' , '#3f76e4' , 'overworld'),
	('frozen_peaks' , 33 , 'frozen peaks' , -0.7 , 'yes' , '#80b497' , '#60a17b' , '#3f76e4' , 'overworld'),
	('stony_peaks' , 35 , 'stony peaks' , 1.0 , 'yes' , '#9abe4b' , '#82ac1e' , '#3f76e4' , 'overworld'),
	('windswept_hills' , 19 , 'windswept hills' , 0.2 , 'yes' , '#8ab689' , '#6da36b' , '#3f76e4' , 'overworld'),
	('windswept_forest' , 21 , 'windswept forest' , 0.2 , 'yes' , '#8ab689' , '#6da36b' , '#3f76e4' , 'overworld'),
	('windswept_gravelly_hills' , 20 , 'windswept gravelly hills' , 0.2 , 'yes' , '#8ab689' , '#6da36b' , '#3f76e4' , 'overworld'),
	('forest' , 8 , 'forest' , 0.7 , 'yes' , '#79c05a' , '#59ae30' , '#3f76e4' , 'overworld'),
	('flower_forest' , 9 , 'flower forest' , 0.7 , 'yes' , '#79c05a' , '#59ae30' , '#3f76e4' , 'overworld'),
	('taiga' , 15 , 'taiga' , 0.25 , 'yes' , '#86b783' , '#68a464' , '#3f76e4' , 'overworld'),
	('old_growth_pine_taiga' , 13 , 'old growth pine taiga' , 0.3 , 'yes' , '#86b87f' , '#68a55f' , '#3f76e4' , 'overworld'),
	('old_growth_spruce_taiga' , 14 , 'old growth spruce taiga' , 0.25 , 'yes' , '#86b783' , '#68a464' , '#3f76e4' , 'overworld'),
	('snowy_taiga' , 16 , 'snowy taiga' , -0.5 , 'yes' , '#80b497' , '#60a17b' , '#3d57d6' , 'overworld'),
	('birch_forest' , 10 , 'birch forest' , 0.6 , 'yes' , '#88bb67' , '#6ba941' , '#3f76e4' , 'overworld'),
	('old_growth_birch_forest' , 12 , 'old growth birch forest' , 0.6 , 'yes' , '#88bb67' , '#6ba941' , '#3f76e4' , 'overworld'),
	('dark_forest' , 11 , 'dark forest' , 0.7 , 'yes' , '#507a32' , '#59ae30' , '#3f76e4' , 'overworld'),
	('jungle' , 23 , 'jungle' , 0.95 , 'yes' , '#59c93c' , '#30bb0b' , '#3f76e4' , 'overworld'),
	('sparse_jungle' , 24 , 'sparse jungle' , 0.95 , 'yes' , '#64c73f' , '#3eb80f' , '#3f76e4' , 'overworld'),
	('bamboo_jungle' , 25 , 'bamboo jungle' , 0.95 , 'yes' , '#59c93c' , '#30bb0b' , '#3f76e4' , 'overworld'),
	('river' , 36 , 'river' , 0.5 , 'yes' , '#8eb971' , '#71a74d' , '#3f76e4' , 'overworld'),
	('frozen_river' , 37 , 'frozen river' , 0.0 , 'yes' , '#80b497' , '#60a17b' , '#3938c9' , 'overworld'),
	('swamp' , 6 , 'swamp' , 0.8 , 'yes' , '#6a7039' , '#6a7039' , '#617b64' , 'overworld'),
	('mangrove_swamp' , 7 , 'mangrove swamp' , 0.8 , 'yes' , '#6a7039' , '#8db127' , '#3a7a6a' , 'overworld'),
	('beach' , 38 , 'beach' , 0.8 , 'yes' , '#91bd59' , '#77ab2f' , '#3f76e4' , 'overworld'),
	('stony_shore' , 40 , 'stony shore' , 0.2 , 'yes' , '#8ab689' , '#6da36b' , '#3f76e4' , 'overworld'),
	('snowy_beach' , 39 , 'snowy beach' , 0.05 , 'yes' , '#83b593' , '#64a278' , '#3d57d6' , 'overworld'),
	('plains' , 1 , 'plains' , 0.8 , 'yes' , '#91bd59' , '#77ab2f' , '#3f76e4' , 'overworld'),
	('sunflower_plains' , 2 , 'sunflower plains' , 0.8 , 'yes' , '#91bd59' , '#77ab2f' , '#3f76e4' , 'overworld'),
	('snowy_plains' , 3 , 'snowy plains' , 0.0 , 'yes' , '#80b497' , '#60a17b' , '#3f76e4' , 'overworld'),
	('ice_spikes' , 4 , 'ice spikes' , 0.0 , 'yes' , '#80b497' , '#60a17b' , '#3f76e4' , 'overworld'),
	('desert' , 5 , 'desert' , 2.0 , 'no' , '#bfb755' , '#aea42a' , '#3f76e4' , 'overworld'),
	('savanna' , 17 , 'savanna' , 2.0 , 'no' , '#bfb755' , '#aea42a' , '#3f76e4' , 'overworld'),
	('savanna_plateau' , 18 , 'savanna plateau' , 2.0 , 'no' , '#bfb755' , '#aea42a' , '#3f76e4' , 'overworld'),
	('windswept_savanna' , 22 , 'windswept savanna' , 2.0 , 'no' , '#bfb755' , '#aea42a' , '#3f76e4' , 'overworld'),
	('badlands' , 26 , 'badlands' , 2.0 , 'no' , '#90814d' , '#9e814d' , '#3f76e4' , 'overworld'),
	('wooded_badlands' , 28 , 'wooded badlands' , 2.0 , 'no' , '#90814d' , '#9e814d' , '#3f76e4' , 'overworld'),
	('eroded_badlands' , 27 , 'eroded badlands' , 2.0 , 'no' , '#90814d' , '#9e814d' , '#3f76e4' , 'overworld'),
	('deep_dark' , 53 , 'deep dark' , 0.8 , 'yes' , '#91bd59' , '#77ab2f' , '#3f76e4' , 'overworld'),
	('dripstone_caves' , 51 , 'dripstone caves' , 0.8 , 'yes' , '#91bd59' , '#77ab2f' , '#3f76e4' , 'overworld'),
	('lush_caves' , 52 , 'lush caves' , 0.5 , 'yes' , '#8eb971' , '#71a74d' , '#3f76e4' , 'overworld'),
	('the_void' , 0 , 'the void' , 0.5 , 'no' , '#8eb971' , '#71a74d' , '#3f76e4' , 'overworld'),
	('nether_wastes' , 54 , 'nether wastes' , 2.0 , 'no' , '#bfb755' , '#aea42a' , '#3f76e4' , 'the_nether'),
	('soul_sand_valley' , 57 , 'soul sand valley' , 2.0 , 'no' , '#bfb755' , '#aea42a' , '#3f76e4' , 'the_nether'),
	('crimson_forest' , 56 , 'crimson forest' , 2.0 , 'no' , '#bfb755' , '#aea42a' , '#3f76e4' , 'the_nether'),
	('warped_forest' , 55 , 'warped forest' , 2.0 , 'no' , '#bfb755' , '#aea42a' , '#3f76e4' , 'the_nether'),
	('basalt_deltas' , 58 , 'basalt deltas' , 2.0 , 'no' , '#bfb755' , '#aea42a' , '#3f76e4' , 'the_nether'),
	('the_end' , 59 , 'the end' , 0.5 , 'no' , '#8eb971' , '#71a74d' , '#3f76e4' , 'the_end'),
	('end_highlands' , 60 , 'end highlands' , 0.5 , 'no' , '#8eb971' , '#71a74d' , '#3f76e4' , 'the_end'),
	('end_midlands' , 61 , 'end midlands' , 0.5 , 'no' , '#8eb971' , '#71a74d' , '#3f76e4' , 'the_end'),
	('end_barrens' , 63 , 'end barrens' , 0.5 , 'no' , '#8eb971' , '#71a74d' , '#3f76e4' , 'the_end'),
	('small_end_islands' , 62 , 'small end islands' , 0.5 , 'no' , '#8eb971' , '#71a74d' , '#3f76e4' , 'the_end');

INSERT INTO structure(identifier,name) VALUES
	('ancient_city' , 'ancient city'),
	('mineshaft' , 'mineshaft'),
	('stronghold' , 'stronghold'),
	('buried_treasure' , 'buried treasure'),
	('trail_ruins' , 'trail ruins'),
	('desert_pyramid' , 'desert pyramid'),
	('igloo' , 'igloo'),
	('jungle_temple' , 'jungle temple'),
	('pillager_outpost' , 'pillager outpost'),
	('swamp_hut' , 'swamp hut'),
	('village' , 'village'),
	('abandoned_village' , 'abandoned village'),
	('woodland_mansion' , 'woodland mansion'),
	('ocean_ruins' , 'ocean ruins'),
	('shipwreck' , 'shipwreck'),
	('ocean_monument' , 'ocean monument'),
	('nether_fortress' , 'nether fortress'),
	('bastion_remnant' , 'bastion remnant'),
	('nether_fossil' , 'nether fossil'),
	('end_city' , 'end city'),
	('dungeon' , 'dungeon'),
	('desert_well' , 'desert well'),
	('bonus_chest' , 'bonus chest'),
	('pile' , 'pile'),
	('forest_rock' , 'forest rock'),
	('geode' , 'geode'),
	('fossil' , 'fossil'),
	('ice_spike' , 'ice spike'),
	('iceberg' , 'iceberg'),
	('exit_portal' , 'exit portal'),
	('end_gateway' , 'end gateway'),
	('end_spike' , 'obsidian pillar'),
	('obsidian_platform' , 'obsidian platform'),
	('void_start_platform' , 'void start platform'),
	('ruined_portal' , 'ruined portal'),
	('coral_reef' , 'coral reef'),
	('disk' , 'disk'),
	('ice_patch' , 'ice patch');

INSERT INTO structure_biome VALUES
	('ancient_city' , 'deep_dark'),
	('mineshaft' , 'ocean'),
	('mineshaft' , 'deep_ocean'),
	('mineshaft' , 'frozen_ocean'),
	('mineshaft' , 'deep_frozen_ocean'),
	('mineshaft' , 'cold_ocean'),
	('mineshaft' , 'deep_cold_ocean'),
	('mineshaft' , 'lukewarm_ocean'),
	('mineshaft' , 'deep_lukewarm_ocean'),
	('mineshaft' , 'warm_ocean'),
	('mineshaft' , 'mushroom_fields'),
	('mineshaft' , 'meadow'),
	('mineshaft' , 'cherry_grove'),
	('mineshaft' , 'grove'),
	('mineshaft' , 'snowy_slopes'),
	('mineshaft' , 'jagged_peaks'),
	('mineshaft' , 'frozen_peaks'),
	('mineshaft' , 'stony_peaks'),
	('mineshaft' , 'windswept_hills'),
	('mineshaft' , 'windswept_forest'),
	('mineshaft' , 'windswept_gravelly_hills'),
	('mineshaft' , 'forest'),
	('mineshaft' , 'flower_forest'),
	('mineshaft' , 'taiga'),
	('mineshaft' , 'old_growth_pine_taiga'),
	('mineshaft' , 'old_growth_spruce_taiga'),
	('mineshaft' , 'snowy_taiga'),
	('mineshaft' , 'birch_forest'),
	('mineshaft' , 'old_growth_birch_forest'),
	('mineshaft' , 'dark_forest'),
	('mineshaft' , 'jungle'),
	('mineshaft' , 'sparse_jungle'),
	('mineshaft' , 'bamboo_jungle'),
	('mineshaft' , 'river'),
	('mineshaft' , 'frozen_river'),
	('mineshaft' , 'swamp'),
	('mineshaft' , 'mangrove_swamp'),
	('mineshaft' , 'beach'),
	('mineshaft' , 'stony_shore'),
	('mineshaft' , 'snowy_beach'),
	('mineshaft' , 'plains'),
	('mineshaft' , 'sunflower_plains'),
	('mineshaft' , 'snowy_plains'),
	('mineshaft' , 'ice_spikes'),
	('mineshaft' , 'desert'),
	('mineshaft' , 'savanna'),
	('mineshaft' , 'savanna_plateau'),
	('mineshaft' , 'windswept_savanna'),
	('mineshaft' , 'badlands'),
	('mineshaft' , 'wooded_badlands'),
	('mineshaft' , 'eroded_badlands'),
	('mineshaft' , 'deep_dark'),
	('mineshaft' , 'dripstone_caves'),
	('mineshaft' , 'lush_caves'),
	('mineshaft' , 'the_void'),
	('stronghold' , 'ocean'),
	('stronghold' , 'deep_ocean'),
	('stronghold' , 'frozen_ocean'),
	('stronghold' , 'deep_frozen_ocean'),
	('stronghold' , 'cold_ocean'),
	('stronghold' , 'deep_cold_ocean'),
	('stronghold' , 'lukewarm_ocean'),
	('stronghold' , 'deep_lukewarm_ocean'),
	('stronghold' , 'warm_ocean'),
	('stronghold' , 'mushroom_fields'),
	('stronghold' , 'meadow'),
	('stronghold' , 'cherry_grove'),
	('stronghold' , 'grove'),
	('stronghold' , 'snowy_slopes'),
	('stronghold' , 'jagged_peaks'),
	('stronghold' , 'frozen_peaks'),
	('stronghold' , 'stony_peaks'),
	('stronghold' , 'windswept_hills'),
	('stronghold' , 'windswept_forest'),
	('stronghold' , 'windswept_gravelly_hills'),
	('stronghold' , 'forest'),
	('stronghold' , 'flower_forest'),
	('stronghold' , 'taiga'),
	('stronghold' , 'old_growth_pine_taiga'),
	('stronghold' , 'old_growth_spruce_taiga'),
	('stronghold' , 'snowy_taiga'),
	('stronghold' , 'birch_forest'),
	('stronghold' , 'old_growth_birch_forest'),
	('stronghold' , 'dark_forest'),
	('stronghold' , 'jungle'),
	('stronghold' , 'sparse_jungle'),
	('stronghold' , 'bamboo_jungle'),
	('stronghold' , 'river'),
	('stronghold' , 'frozen_river'),
	('stronghold' , 'swamp'),
	('stronghold' , 'mangrove_swamp'),
	('stronghold' , 'beach'),
	('stronghold' , 'stony_shore'),
	('stronghold' , 'snowy_beach'),
	('stronghold' , 'plains'),
	('stronghold' , 'sunflower_plains'),
	('stronghold' , 'snowy_plains'),
	('stronghold' , 'ice_spikes'),
	('stronghold' , 'desert'),
	('stronghold' , 'savanna'),
	('stronghold' , 'savanna_plateau'),
	('stronghold' , 'windswept_savanna'),
	('stronghold' , 'badlands'),
	('stronghold' , 'wooded_badlands'),
	('stronghold' , 'eroded_badlands'),
	('stronghold' , 'deep_dark'),
	('stronghold' , 'dripstone_caves'),
	('stronghold' , 'lush_caves'),
	('stronghold' , 'the_void'),
	('buried_treasure' , 'beach'),
	('buried_treasure' , 'snowy_beach'),
	('buried_treasure' , 'stony_shore'),
	('buried_treasure' , 'mushroom_fields'),
	('trail_ruins' , 'jungle'),
	('trail_ruins' , 'old_growth_birch_forest'),
	('trail_ruins' , 'old_growth_pine_taiga'),
	('trail_ruins' , 'old_growth_spruce_taiga'),
	('trail_ruins' , 'snowy_taiga'),
	('trail_ruins' , 'taiga'),
	('desert_pyramid' , 'desert'),
	('desert_pyramid' , 'desert'),
	('igloo' , 'snowy_plains'),
	('igloo' , 'snowy_taiga'),
	('igloo' , 'snowy_slopes'),
	('jungle_temple' , 'jungle'),
	('jungle_temple' , 'bamboo_jungle'),
	('jungle_temple' , 'jungle'),
	('pillager_outpost' , 'plains'),
	('pillager_outpost' , 'desert'),
	('pillager_outpost' , 'savanna'),
	('pillager_outpost' , 'taiga'),
	('pillager_outpost' , 'snowy_plains'),
	('pillager_outpost' , 'grove'),
	('pillager_outpost' , 'meadow'),
	('pillager_outpost' , 'cherry_grove'),
	('pillager_outpost' , 'frozen_peaks'),
	('pillager_outpost' , 'jagged_peaks'),
	('pillager_outpost' , 'stony_peaks'),
	('pillager_outpost' , 'snowy_slopes'),
	('pillager_outpost' , 'snowy_taiga'),
	('pillager_outpost' , 'sunflower_plains'),
	('pillager_outpost' , 'taiga'),
	('pillager_outpost' , 'taiga'),
	('swamp_hut' , 'swamp'),
	('village' , 'plains'),
	('village' , 'meadow'),
	('village' , 'desert'),
	('village' , 'savanna'),
	('village' , 'taiga'),
	('village' , 'snowy_plains'),
	('village' , 'snowy_taiga'),
	('village' , 'sunflower_plains'),
	('village' , 'taiga'),
	('village' , 'taiga'),
	('abandoned_village' , 'plains'),
	('abandoned_village' , 'meadow'),
	('abandoned_village' , 'desert'),
	('abandoned_village' , 'savanna'),
	('abandoned_village' , 'taiga'),
	('abandoned_village' , 'snowy_plains'),
	('abandoned_village' , 'snowy_taiga'),
	('abandoned_village' , 'sunflower_plains'),
	('abandoned_village' , 'taiga'),
	('abandoned_village' , 'taiga'),
	('woodland_mansion' , 'dark_forest'),
	('woodland_mansion' , 'dripstone_caves'),
	('woodland_mansion' , 'lush_caves'),
	('woodland_mansion' , 'dark_forest'),
	('ruined_portal' , 'ocean'),
	('ruined_portal' , 'deep_ocean'),
	('ruined_portal' , 'frozen_ocean'),
	('ruined_portal' , 'deep_frozen_ocean'),
	('ruined_portal' , 'cold_ocean'),
	('ruined_portal' , 'deep_cold_ocean'),
	('ruined_portal' , 'lukewarm_ocean'),
	('ruined_portal' , 'deep_lukewarm_ocean'),
	('ruined_portal' , 'warm_ocean'),
	('ruined_portal' , 'mushroom_fields'),
	('ruined_portal' , 'meadow'),
	('ruined_portal' , 'cherry_grove'),
	('ruined_portal' , 'grove'),
	('ruined_portal' , 'snowy_slopes'),
	('ruined_portal' , 'jagged_peaks'),
	('ruined_portal' , 'frozen_peaks'),
	('ruined_portal' , 'stony_peaks'),
	('ruined_portal' , 'windswept_hills'),
	('ruined_portal' , 'windswept_forest'),
	('ruined_portal' , 'windswept_gravelly_hills'),
	('ruined_portal' , 'forest'),
	('ruined_portal' , 'flower_forest'),
	('ruined_portal' , 'taiga'),
	('ruined_portal' , 'old_growth_pine_taiga'),
	('ruined_portal' , 'old_growth_spruce_taiga'),
	('ruined_portal' , 'snowy_taiga'),
	('ruined_portal' , 'birch_forest'),
	('ruined_portal' , 'old_growth_birch_forest'),
	('ruined_portal' , 'dark_forest'),
	('ruined_portal' , 'jungle'),
	('ruined_portal' , 'sparse_jungle'),
	('ruined_portal' , 'bamboo_jungle'),
	('ruined_portal' , 'river'),
	('ruined_portal' , 'frozen_river'),
	('ruined_portal' , 'swamp'),
	('ruined_portal' , 'mangrove_swamp'),
	('ruined_portal' , 'beach'),
	('ruined_portal' , 'stony_shore'),
	('ruined_portal' , 'snowy_beach'),
	('ruined_portal' , 'plains'),
	('ruined_portal' , 'sunflower_plains'),
	('ruined_portal' , 'snowy_plains'),
	('ruined_portal' , 'ice_spikes'),
	('ruined_portal' , 'desert'),
	('ruined_portal' , 'savanna'),
	('ruined_portal' , 'savanna_plateau'),
	('ruined_portal' , 'windswept_savanna'),
	('ruined_portal' , 'badlands'),
	('ruined_portal' , 'wooded_badlands'),
	('ruined_portal' , 'eroded_badlands'),
	('ruined_portal' , 'deep_dark'),
	('ruined_portal' , 'dripstone_caves'),
	('ruined_portal' , 'lush_caves'),
	('ruined_portal' , 'the_void'),
	('ruined_portal' , 'nether_wastes'),
	('ruined_portal' , 'soul_sand_valley'),
	('ruined_portal' , 'crimson_forest'),
	('ruined_portal' , 'warped_forest'),
	('ruined_portal' , 'basalt_deltas'),
	('ocean_ruins' , 'deep_ocean'),
	('ocean_ruins' , 'deep_frozen_ocean'),
	('ocean_ruins' , 'deep_cold_ocean'),
	('ocean_ruins' , 'deep_lukewarm_ocean'),
	('ocean_ruins' , 'ocean'),
	('ocean_ruins' , 'frozen_ocean'),
	('ocean_ruins' , 'cold_ocean'),
	('ocean_ruins' , 'warm_ocean'),
	('ocean_ruins' , 'lukewarm_ocean'),
	('ocean_ruins' , 'warm_ocean'),
	('shipwreck' , 'deep_ocean'),
	('shipwreck' , 'deep_frozen_ocean'),
	('shipwreck' , 'deep_cold_ocean'),
	('shipwreck' , 'deep_lukewarm_ocean'),
	('shipwreck' , 'ocean'),
	('shipwreck' , 'frozen_ocean'),
	('shipwreck' , 'cold_ocean'),
	('shipwreck' , 'warm_ocean'),
	('shipwreck' , 'lukewarm_ocean'),
	('shipwreck' , 'beach'),
	('shipwreck' , 'snowy_beach'),
	('shipwreck' , 'mushroom_fields'),
	('ocean_monument' , 'deep_ocean'),
	('ocean_monument' , 'deep_frozen_ocean'),
	('ocean_monument' , 'deep_cold_ocean'),
	('ocean_monument' , 'deep_lukewarm_ocean'),
	('ocean_monument' , 'warm_ocean'),
	('nether_fortress' , 'nether_wastes'),
	('nether_fortress' , 'soul_sand_valley'),
	('nether_fortress' , 'crimson_forest'),
	('nether_fortress' , 'warped_forest'),
	('nether_fortress' , 'basalt_deltas'),
	('bastion_remnant' , 'nether_wastes'),
	('bastion_remnant' , 'crimson_forest'),
	('bastion_remnant' , 'warped_forest'),
	('bastion_remnant' , 'soul_sand_valley'),
	('nether_fossil' , 'soul_sand_valley'),
	('ruined_portal' , 'ocean'),
	('ruined_portal' , 'deep_ocean'),
	('ruined_portal' , 'frozen_ocean'),
	('ruined_portal' , 'deep_frozen_ocean'),
	('ruined_portal' , 'cold_ocean'),
	('ruined_portal' , 'deep_cold_ocean'),
	('ruined_portal' , 'lukewarm_ocean'),
	('ruined_portal' , 'deep_lukewarm_ocean'),
	('ruined_portal' , 'warm_ocean'),
	('ruined_portal' , 'mushroom_fields'),
	('ruined_portal' , 'meadow'),
	('ruined_portal' , 'cherry_grove'),
	('ruined_portal' , 'grove'),
	('ruined_portal' , 'snowy_slopes'),
	('ruined_portal' , 'jagged_peaks'),
	('ruined_portal' , 'frozen_peaks'),
	('ruined_portal' , 'stony_peaks'),
	('ruined_portal' , 'windswept_hills'),
	('ruined_portal' , 'windswept_forest'),
	('ruined_portal' , 'windswept_gravelly_hills'),
	('ruined_portal' , 'forest'),
	('ruined_portal' , 'flower_forest'),
	('ruined_portal' , 'taiga'),
	('ruined_portal' , 'old_growth_pine_taiga'),
	('ruined_portal' , 'old_growth_spruce_taiga'),
	('ruined_portal' , 'snowy_taiga'),
	('ruined_portal' , 'birch_forest'),
	('ruined_portal' , 'old_growth_birch_forest'),
	('ruined_portal' , 'dark_forest'),
	('ruined_portal' , 'jungle'),
	('ruined_portal' , 'sparse_jungle'),
	('ruined_portal' , 'bamboo_jungle'),
	('ruined_portal' , 'river'),
	('ruined_portal' , 'frozen_river'),
	('ruined_portal' , 'swamp'),
	('ruined_portal' , 'mangrove_swamp'),
	('ruined_portal' , 'beach'),
	('ruined_portal' , 'stony_shore'),
	('ruined_portal' , 'snowy_beach'),
	('ruined_portal' , 'plains'),
	('ruined_portal' , 'sunflower_plains'),
	('ruined_portal' , 'snowy_plains'),
	('ruined_portal' , 'ice_spikes'),
	('ruined_portal' , 'desert'),
	('ruined_portal' , 'savanna'),
	('ruined_portal' , 'savanna_plateau'),
	('ruined_portal' , 'windswept_savanna'),
	('ruined_portal' , 'badlands'),
	('ruined_portal' , 'wooded_badlands'),
	('ruined_portal' , 'eroded_badlands'),
	('ruined_portal' , 'deep_dark'),
	('ruined_portal' , 'dripstone_caves'),
	('ruined_portal' , 'lush_caves'),
	('ruined_portal' , 'the_void'),
	('ruined_portal' , 'nether_wastes'),
	('ruined_portal' , 'soul_sand_valley'),
	('ruined_portal' , 'crimson_forest'),
	('ruined_portal' , 'warped_forest'),
	('ruined_portal' , 'basalt_deltas'),
	('end_city' , 'end_midlands'),
	('end_city' , 'end_highlands'),
	('end_city' , 'the_end'),
	('dungeon' , 'ocean'),
	('dungeon' , 'deep_ocean'),
	('dungeon' , 'frozen_ocean'),
	('dungeon' , 'deep_frozen_ocean'),
	('dungeon' , 'cold_ocean'),
	('dungeon' , 'deep_cold_ocean'),
	('dungeon' , 'lukewarm_ocean'),
	('dungeon' , 'deep_lukewarm_ocean'),
	('dungeon' , 'warm_ocean'),
	('dungeon' , 'mushroom_fields'),
	('dungeon' , 'meadow'),
	('dungeon' , 'cherry_grove'),
	('dungeon' , 'grove'),
	('dungeon' , 'snowy_slopes'),
	('dungeon' , 'jagged_peaks'),
	('dungeon' , 'frozen_peaks'),
	('dungeon' , 'stony_peaks'),
	('dungeon' , 'windswept_hills'),
	('dungeon' , 'windswept_forest'),
	('dungeon' , 'windswept_gravelly_hills'),
	('dungeon' , 'forest'),
	('dungeon' , 'flower_forest'),
	('dungeon' , 'taiga'),
	('dungeon' , 'old_growth_pine_taiga'),
	('dungeon' , 'old_growth_spruce_taiga'),
	('dungeon' , 'snowy_taiga'),
	('dungeon' , 'birch_forest'),
	('dungeon' , 'old_growth_birch_forest'),
	('dungeon' , 'dark_forest'),
	('dungeon' , 'jungle'),
	('dungeon' , 'sparse_jungle'),
	('dungeon' , 'bamboo_jungle'),
	('dungeon' , 'river'),
	('dungeon' , 'frozen_river'),
	('dungeon' , 'swamp'),
	('dungeon' , 'mangrove_swamp'),
	('dungeon' , 'beach'),
	('dungeon' , 'stony_shore'),
	('dungeon' , 'snowy_beach'),
	('dungeon' , 'plains'),
	('dungeon' , 'sunflower_plains'),
	('dungeon' , 'snowy_plains'),
	('dungeon' , 'ice_spikes'),
	('dungeon' , 'desert'),
	('dungeon' , 'savanna'),
	('dungeon' , 'savanna_plateau'),
	('dungeon' , 'windswept_savanna'),
	('dungeon' , 'badlands'),
	('dungeon' , 'wooded_badlands'),
	('dungeon' , 'eroded_badlands'),
	('dungeon' , 'deep_dark'),
	('dungeon' , 'dripstone_caves'),
	('dungeon' , 'lush_caves'),
	('dungeon' , 'the_void'),
	('desert_well' , 'desert'),
	('bonus_chest' , 'ocean'),
	('bonus_chest' , 'deep_ocean'),
	('bonus_chest' , 'frozen_ocean'),
	('bonus_chest' , 'deep_frozen_ocean'),
	('bonus_chest' , 'cold_ocean'),
	('bonus_chest' , 'deep_cold_ocean'),
	('bonus_chest' , 'lukewarm_ocean'),
	('bonus_chest' , 'deep_lukewarm_ocean'),
	('bonus_chest' , 'warm_ocean'),
	('bonus_chest' , 'mushroom_fields'),
	('bonus_chest' , 'meadow'),
	('bonus_chest' , 'cherry_grove'),
	('bonus_chest' , 'grove'),
	('bonus_chest' , 'snowy_slopes'),
	('bonus_chest' , 'jagged_peaks'),
	('bonus_chest' , 'frozen_peaks'),
	('bonus_chest' , 'stony_peaks'),
	('bonus_chest' , 'windswept_hills'),
	('bonus_chest' , 'windswept_forest'),
	('bonus_chest' , 'windswept_gravelly_hills'),
	('bonus_chest' , 'forest'),
	('bonus_chest' , 'flower_forest'),
	('bonus_chest' , 'taiga'),
	('bonus_chest' , 'old_growth_pine_taiga'),
	('bonus_chest' , 'old_growth_spruce_taiga'),
	('bonus_chest' , 'snowy_taiga'),
	('bonus_chest' , 'birch_forest'),
	('bonus_chest' , 'old_growth_birch_forest'),
	('bonus_chest' , 'dark_forest'),
	('bonus_chest' , 'jungle'),
	('bonus_chest' , 'sparse_jungle'),
	('bonus_chest' , 'bamboo_jungle'),
	('bonus_chest' , 'river'),
	('bonus_chest' , 'frozen_river'),
	('bonus_chest' , 'swamp'),
	('bonus_chest' , 'mangrove_swamp'),
	('bonus_chest' , 'beach'),
	('bonus_chest' , 'stony_shore'),
	('bonus_chest' , 'snowy_beach'),
	('bonus_chest' , 'plains'),
	('bonus_chest' , 'sunflower_plains'),
	('bonus_chest' , 'snowy_plains'),
	('bonus_chest' , 'ice_spikes'),
	('bonus_chest' , 'desert'),
	('bonus_chest' , 'savanna'),
	('bonus_chest' , 'savanna_plateau'),
	('bonus_chest' , 'windswept_savanna'),
	('bonus_chest' , 'badlands'),
	('bonus_chest' , 'wooded_badlands'),
	('bonus_chest' , 'eroded_badlands'),
	('bonus_chest' , 'deep_dark'),
	('bonus_chest' , 'dripstone_caves'),
	('bonus_chest' , 'lush_caves'),
	('bonus_chest' , 'the_void'),
	('pile' , 'plains'),
	('pile' , 'meadow'),
	('pile' , 'desert'),
	('pile' , 'savanna'),
	('pile' , 'taiga'),
	('pile' , 'snowy_plains'),
	('pile' , 'snowy_taiga'),
	('pile' , 'sunflower_plains'),
	('forest_rock' , 'old_growth_spruce_taiga'),
	('forest_rock' , 'old_growth_pine_taiga'),
	('geode' , 'ocean'),
	('geode' , 'deep_ocean'),
	('geode' , 'frozen_ocean'),
	('geode' , 'deep_frozen_ocean'),
	('geode' , 'cold_ocean'),
	('geode' , 'deep_cold_ocean'),
	('geode' , 'lukewarm_ocean'),
	('geode' , 'deep_lukewarm_ocean'),
	('geode' , 'warm_ocean'),
	('geode' , 'mushroom_fields'),
	('geode' , 'meadow'),
	('geode' , 'cherry_grove'),
	('geode' , 'grove'),
	('geode' , 'snowy_slopes'),
	('geode' , 'jagged_peaks'),
	('geode' , 'frozen_peaks'),
	('geode' , 'stony_peaks'),
	('geode' , 'windswept_hills'),
	('geode' , 'windswept_forest'),
	('geode' , 'windswept_gravelly_hills'),
	('geode' , 'forest'),
	('geode' , 'flower_forest'),
	('geode' , 'taiga'),
	('geode' , 'old_growth_pine_taiga'),
	('geode' , 'old_growth_spruce_taiga'),
	('geode' , 'snowy_taiga'),
	('geode' , 'birch_forest'),
	('geode' , 'old_growth_birch_forest'),
	('geode' , 'dark_forest'),
	('geode' , 'jungle'),
	('geode' , 'sparse_jungle'),
	('geode' , 'bamboo_jungle'),
	('geode' , 'river'),
	('geode' , 'frozen_river'),
	('geode' , 'swamp'),
	('geode' , 'mangrove_swamp'),
	('geode' , 'beach'),
	('geode' , 'stony_shore'),
	('geode' , 'snowy_beach'),
	('geode' , 'plains'),
	('geode' , 'sunflower_plains'),
	('geode' , 'snowy_plains'),
	('geode' , 'ice_spikes'),
	('geode' , 'desert'),
	('geode' , 'savanna'),
	('geode' , 'savanna_plateau'),
	('geode' , 'windswept_savanna'),
	('geode' , 'badlands'),
	('geode' , 'wooded_badlands'),
	('geode' , 'eroded_badlands'),
	('geode' , 'deep_dark'),
	('geode' , 'dripstone_caves'),
	('geode' , 'lush_caves'),
	('geode' , 'the_void'),
	('fossil' , 'desert'),
	('fossil' , 'swamp'),
	('ice_spike' , 'ice_spikes'),
	('iceberg' , 'frozen_ocean'),
	('exit_portal' , 'the_end'),
	('end_gateway' , 'end_midlands'),
	('end_gateway' , 'end_highlands'),
	('end_gateway' , 'the_end'),
	('end_spike' , 'the_end'),
	('obsidian_platform' , 'the_end'),
	('void_start_platform' , 'the_void');

INSERT INTO block VALUES
	('oak_planks' , 'oak planks' , 3.0 , 2.0 , 'no' , 'no'),
	('dark_oak_planks' , 'dark oak planks' , 3.0 , 2.0 , 'no' , 'no'),
	('oak_fence' , 'oak fence' , 3.0 , 2.0 , 'no' , 'yes'),
	('dark_oak_fence' , 'dark oak fence' , 3.0 , 2.0 , 'no' , 'yes'),
	('oak_log' , 'oak log' , 2.0 , 2.0 , 'no' , 'no'),
	('dark_oak_log' , 'dark oak log' , 2.0 , 2.0 , 'no' , 'no'),
	('rail' , 'rail' , 0.7 , 0.7 , 'no' , 'yes'),
	('torch' , 'torch' , 0.0 , 0.0 , 'yes' , 'yes'),
	('cobweb' , 'cobweb' , 4.0 , 4.0 , 'no' , 'partial'),
	('monster_spawner' , 'monster spawner' , 5.0 , 5.0 , 'no' , 'partial'),
	('chain' , 'chain' , 6.0 , 5.0 , 'no' , 'yes'),
	('minecart_with_chest' , 'minecart with chest' , 0.0 , 0.0 , 'no' , 'no'),
	('chest' , 'chest' , 2.5 , 2.5 , 'no' , 'partial'),
	('gravel' , 'gravel' , 0.6 , 0.6 , 'no' , 'no'),
	('sand' , 'sand' , 0.5 , 0.5 , 'no' , 'no'),
	('sandstone' , 'sandstone' , 0.8 , 0.8 , 'no' , 'no'),
	('stone' , 'stone' , 6.0 , 1.5 , 'no' , 'no'),
	('water' , 'water' , 100.0 , 0.0 , 'no' , 'partial'),
	('diorite' , 'diorite' , 6.0 , 1.5 , 'no' , 'no'),
	('anvil' , 'anvil' , 1200.0 , 5.0 , 'no' , 'partial'),
	('black_glazed_terracotta' , 'black glazed terracotta' , 1.4 , 1.4 , 'no' , 'no'),
	('black_terracotta' , 'black terracotta' , 4.2 , 1.25 , 'no' , 'no'),
	('blast_furnace' , 'blast furnace' , 3.5 , 3.5 , 'yes' , 'partial'),
	('block_of_coal' , 'block of coal' , 6.0 , 5.0 , 'no' , 'no'),
	('blue_glazed_terracotta' , 'blue glazed terracotta' , 1.4 , 1.4 , 'no' , 'no'),
	('blue_terracotta' , 'blue terracotta' , 4.2 , 1.25 , 'no' , 'no'),
	('brick_slab' , 'brick slab' , 6.0 , 2.0 , 'no' , 'partial'),
	('brick_stairs' , 'brick stairs' , 6.0 , 2.0 , 'no' , 'partial'),
	('brick_wall' , 'brick wall' , 6.0 , 2.0 , 'no' , 'yes'),
	('bricks' , 'bricks' , 6.0 , 2.0 , 'no' , 'no'),
	('brown_glazed_terracotta' , 'brown glazed terracotta' , 1.4 , 1.4 , 'no' , 'no'),
	('brown_stained_glass' , 'brown stained glass' , 0.3 , 0.3 , 'no' , 'yes'),
	('brown_terracotta' , 'brown terracotta' , 4.2 , 1.25 , 'no' , 'no'),
	('campfire' , 'campfire' , 2.0 , 2.0 , 'yes' , 'partial'),
	('cartography_table' , 'cartography table' , 2.5 , 2.5 , 'no' , 'no'),
	('cauldron' , 'cauldron' , 2.0 , 2.0 , 'no' , 'yes'),
	('coarse_dirt' , 'coarse dirt' , 0.5 , 0.5 , 'no' , 'no'),
	('cobblestone' , 'cobblestone' , 6.0 , 2.0 , 'no' , 'no'),
	('composter' , 'composter' , 0.6 , 0.6 , 'no' , 'yes'),
	('cracked_stone_bricks' , 'cracked stone bricks' , 6.0 , 1.5 , 'no' , 'no'),
	('crafting_table' , 'crafting table' , 2.5 , 2.5 , 'no' , 'no'),
	('cyan_glazed_terracotta' , 'cyan glazed terracotta' , 1.4 , 1.4 , 'no' , 'no'),
	('cyan_terracotta' , 'cyan terracotta' , 4.2 , 1.25 , 'no' , 'no'),
	('dirt' , 'dirt' , 0.5 , 0.5 , 'no' , 'no'),
	('furnace' , 'furnace' , 3.5 , 3.5 , 'yes' , 'partial'),
	('gray_glazed_terracotta' , 'gray glazed terracotta' , 1.4 , 1.4 , 'no' , 'no'),
	('gray_terracotta' , 'gray terracotta' , 4.2 , 1.25 , 'no' , 'no'),
	('green_terracotta' , 'green terracotta' , 4.2 , 1.25 , 'no' , 'no'),
	('grindstone' , 'grindstone' , 6.0 , 2.0 , 'no' , 'yes'),
	('iron_bars' , 'iron bars' , 6.0 , 5.0 , 'no' , 'yes'),
	('ladder' , 'ladder' , 0.4 , 0.4 , 'no' , 'yes'),
	('light_blue_glazed_terracotta' , 'light blue glazed terracotta' , 1.4 , 1.4 , 'no' , 'no'),
	('light_blue_terracotta' , 'light blue terracotta' , 4.2 , 1.25 , 'no' , 'no'),
	('light_gray_glazed_terracotta' , 'light gray glazed terracotta' , 1.4 , 1.4 , 'no' , 'no'),
	('light_gray_terracotta' , 'light gray terracotta' , 4.2 , 1.25 , 'no' , 'no'),
	('lime_glazed_terracotta' , 'lime glazed terracotta' , 1.4 , 1.4 , 'no' , 'no'),
	('lime_terracotta' , 'lime terracotta' , 4.2 , 1.25 , 'no' , 'no'),
	('loom' , 'loom' , 2.5 , 2.5 , 'no' , 'no'),
	('mud' , 'mud' , 0.5 , 0.5 , 'no' , 'no'),
	('mud_brick_slab' , 'mud brick slab' , 3.0 , 1.5 , 'no' , 'partial'),
	('mud_brick_stairs' , 'mud brick stairs' , 3.0 , 1.5 , 'no' , 'partial'),
	('mud_brick_wall' , 'mud brick wall' , 3.0 , 1.5 , 'no' , 'yes'),
	('mud_bricks' , 'mud bricks' , 3.0 , 1.5 , 'no' , 'no'),
	('orange_glazed_terracotta' , 'orange glazed terracotta' , 1.4 , 1.4 , 'no' , 'no'),
	('orange_terracotta' , 'orange terracotta' , 4.2 , 1.25 , 'no' , 'no'),
	('packed_mud' , 'packed mud' , 3.0 , 1.0 , 'no' , 'no'),
	('purple_glazed_terracotta' , 'purple glazed terracotta' , 1.4 , 1.4 , 'no' , 'no'),
	('red_glazed_terracotta' , 'red glazed terracotta' , 1.4 , 1.4 , 'no' , 'no'),
	('red_terracotta' , 'red terracotta' , 4.2 , 1.25 , 'no' , 'no'),
	('smithing_table' , 'smithing table' , 2.5 , 2.5 , 'no' , 'no'),
	('smooth_stone' , 'smooth stone' , 6.0 , 2.0 , 'no' , 'no'),
	('smooth_stone_slab' , 'smooth stone slab' , 6.0 , 2.0 , 'no' , 'partial'),
	('suspicious_gravel' , 'suspicious gravel' , 0.25 , 0.25 , 'no' , 'no'),
	('stone_bricks' , 'stone bricks' , 6.0 , 1.5 , 'no' , 'no'),
	('stonecutter' , 'stonecutter' , 3.5 , 3.5 , 'no' , 'partial'),
	('terracotta' , 'terracotta' , 4.2 , 1.25 , 'no' , 'no'),
	('white_glazed_terracotta' , 'white glazed terracotta' , 1.4 , 1.4 , 'no' , 'no'),
	('white_terracotta' , 'white terracotta' , 4.2 , 1.25 , 'no' , 'no'),
	('yellow_glazed_terracotta' , 'yellow glazed terracotta' , 1.4 , 1.4 , 'no' , 'no'),
	('yellow_terracotta' , 'yellow terracotta' , 4.2 , 1.25 , 'no' , 'no'),
	('chiseled_sandstone' , 'chiseled sandstone' , 0.8 , 0.8 , 'no' , 'no'),
	('cut_sandstone' , 'cut sandstone' , 0.8 , 0.8 , 'no' , 'no'),
	('sandstone_slab' , 'sandstone slab' , 6.0 , 2.0 , 'no' , 'partial'),
	('sandstone_stairs' , 'sandstone stairs' , 0.8 , 0.8 , 'no' , 'partial'),
	('stone_pressure_plate' , 'stone pressure plate' , 0.5 , 0.5 , 'no' , 'yes'),
	('suspicious_sand' , 'suspicious sand' , 0.25 , 0.25 , 'no' , 'no'),
	('tnt' , 'tnt' , 0.0 , 0.0 , 'no' , 'no'),
	('snow_block' , 'snow block' , 0.2 , 0.2 , 'no' , 'no'),
	('white_carpet' , 'white carpet' , 0.1 , 0.1 , 'no' , 'yes'),
	('light_gray_carpet' , 'light gray carpet' , 0.1 , 0.1 , 'no' , 'yes'),
	('ice' , 'ice' , 0.5 , 0.5 , 'no' , 'partial'),
	('redstone_torch' , 'redstone torch' , 0.0 , 0.0 , 'yes' , 'yes'),
	('red_bed' , 'red bed' , 0.2 , 0.2 , 'no' , 'yes'),
	('oak_trapdoor' , 'oak trapdoor' , 3.0 , 3.0 , 'no' , 'yes'),
	('mossy_stone_bricks' , 'mossy stone bricks' , 6.0 , 1.5 , 'no' , 'no'),
	('chiseled_stone_bricks' , 'chiseled stone bricks' , 6.0 , 1.5 , 'no' , 'no'),
	('infested_stone_bricks' , 'infested stone bricks' , 0.75 , 0.75 , 'no' , 'no'),
	('red_carpet' , 'red carpet' , 0.1 , 0.1 , 'no' , 'yes'),
	('polished_andesite' , 'polished andesite' , 6.0 , 1.5 , 'no' , 'no'),
	('oak_wall_sign' , 'oak wall sign' , 1.0 , 1.0 , 'no' , 'yes'),
	('water_cauldron' , 'water cauldron' , 2.0 , 2.0 , 'no' , 'yes'),
	('spruce_stairs' , 'spruce stairs' , 3.0 , 2.0 , 'no' , 'partial'),
	('spruce_slab' , 'spruce slab' , 3.0 , 2.0 , 'no' , 'partial'),
	('brewing_stand' , 'brewing stand' , 0.5 , 0.5 , 'no' , 'partial'),
	('flower_pot' , 'flower pot' , 0.0 , 0.0 , 'no' , 'yes'),
	('cobblestone_stairs' , 'cobblestone stairs' , 6.0 , 2.0 , 'no' , 'partial'),
	('dispenser' , 'dispenser' , 3.5 , 3.5 , 'no' , 'no'),
	('lever' , 'lever' , 0.5 , 0.5 , 'no' , 'yes'),
	('mossy_cobblestone' , 'mossy cobblestone' , 6.0 , 2.0 , 'no' , 'no'),
	('redstone_repeater' , 'redstone repeater' , 0.0 , 0.0 , 'no' , 'yes'),
	('redstone_dust' , 'redstone dust' , 0.0 , 0.0 , 'no' , 'yes'),
	('sticky_piston' , 'sticky piston' , 0.5 , 1.5 , 'no' , 'partial'),
	('tripwire' , 'tripwire' , 0.0 , 0.0 , 'no' , 'yes'),
	('tripwire_hook' , 'tripwire hook' , 0.0 , 0.0 , 'no' , 'yes'),
	('vines' , 'vines' , 0.2 , 0.2 , 'no' , 'yes'),
	('birch_planks' , 'birch planks' , 3.0 , 2.0 , 'no' , 'no'),
	('carved_pumpkin' , 'carved pumpkin' , 1.0 , 1.0 , 'no' , 'partial'),
	('cobblestone_slab' , 'cobblestone slab' , 6.0 , 2.0 , 'no' , 'partial'),
	('cobblestone_wall' , 'cobblestone wall' , 6.0 , 2.0 , 'no' , 'yes'),
	('dark_oak_slab' , 'dark oak slab' , 3.0 , 2.0 , 'no' , 'partial'),
	('dark_oak_stairs' , 'dark oak stairs' , 3.0 , 2.0 , 'no' , 'partial'),
	('hay_bale' , 'hay bale' , 0.5 , 0.5 , 'no' , 'no'),
	('mossy_cobblestone_slab' , 'mossy cobblestone slab' , 6.0 , 2.0 , 'no' , 'partial'),
	('mossy_cobblestone_stairs' , 'mossy cobblestone stairs' , 6.0 , 2.0 , 'no' , 'partial'),
	('mossy_cobblestone_wall' , 'mossy cobblestone wall' , 6.0 , 2.0 , 'no' , 'yes'),
	('ominous_wall_banner' , 'ominous wall banner' , 1.0 , 1.0 , 'no' , 'yes'),
	('pumpkin' , 'pumpkin' , 1.0 , 1.0 , 'no' , 'partial'),
	('white_wool' , 'white wool' , 0.8 , 0.8 , 'no' , 'no'),
	('potted_red_mushroom' , 'potted red mushroom' , 0.0 , 0.0 , 'no' , 'yes'),
	('spruce_planks' , 'spruce planks' , 3.0 , 2.0 , 'no' , 'no'),
	('azure_bluet' , 'azure bluet' , 0.0 , 0.0 , 'no' , 'yes'),
	('barrel' , 'barrel' , 2.5 , 2.5 , 'no' , 'no'),
	('beetroot' , 'beetroot' , 0.0 , 0.0 , 'no' , 'no'),
	('bell' , 'bell' , 5.0 , 5.0 , 'no' , 'yes'),
	('bookshelf' , 'bookshelf' , 1.5 , 1.5 , 'no' , 'no'),
	('brown_stained_glass_pane' , 'brown stained glass pane' , 0.3 , 0.3 , 'no' , 'yes'),
	('carrots' , 'carrots' , 0.0 , 0.0 , 'no' , 'no'),
	('clay' , 'clay' , 0.6 , 0.6 , 'no' , 'no'),
	('cornflower' , 'cornflower' , 0.0 , 0.0 , 'no' , 'yes'),
	('dandelion' , 'dandelion' , 0.0 , 0.0 , 'no' , 'yes'),
	('dirt_path' , 'dirt path' , 0.65 , 0.65 , 'no' , 'partial'),
	('farmland' , 'farmland' , 0.6 , 0.6 , 'no' , 'partial'),
	('fletching_table' , 'fletching table' , 2.5 , 2.5 , 'no' , 'no'),
	('glass_pane' , 'glass pane' , 0.3 , 0.3 , 'no' , 'yes'),
	('grass' , 'grass' , 0.0 , 0.0 , 'no' , 'yes'),
	('grass_block' , 'grass block' , 0.6 , 0.6 , 'no' , 'no'),
	('green_carpet' , 'green carpet' , 0.1 , 0.1 , 'no' , 'yes'),
	('lava' , 'lava' , 100.0 , 0.0 , 'no' , 'yes'),
	('lectern' , 'lectern' , 2.5 , 2.5 , 'no' , 'partial'),
	('oak_door' , 'oak door' , 3.0 , 3.0 , 'no' , 'partial'),
	('oak_fence_gate' , 'oak fence gate' , 3.0 , 2.0 , 'no' , 'yes'),
	('oak_leaves' , 'oak leaves' , 0.2 , 0.2 , 'no' , 'partial'),
	('oak_pressure_plate' , 'oak pressure plate' , 0.5 , 0.5 , 'no' , 'yes'),
	('oak_slab' , 'oak slab' , 3.0 , 2.0 , 'no' , 'partial'),
	('oak_stairs' , 'oak stairs' , 3.0 , 2.0 , 'no' , 'partial'),
	('oxeye_daisy' , 'oxeye daisy' , 0.0 , 0.0 , 'no' , 'yes'),
	('poppy' , 'poppy' , 0.0 , 0.0 , 'no' , 'yes'),
	('potatoes' , 'potatoes' , 0.0 , 0.0 , 'no' , 'no'),
	('potted_dandelion' , 'potted dandelion' , 0.0 , 0.0 , 'no' , 'yes'),
	('smoker' , 'smoker' , 3.5 , 3.5 , 'yes' , 'partial'),
	('stripped_oak_log' , 'stripped oak log' , 2.0 , 2.0 , 'no' , 'no'),
	('stripped_oak_wood' , 'stripped oak wood' , 2.0 , 2.0 , 'no' , 'no'),
	('tall_grass' , 'tall grass' , 0.0 , 0.0 , 'no' , 'yes'),
	('wall_torch' , 'wall torch' , 0.0 , 0.0 , 'yes' , 'yes'),
	('wheat' , 'wheat' , 0.0 , 0.0 , 'no' , 'no'),
	('white_bed' , 'white bed' , 0.2 , 0.2 , 'no' , 'yes'),
	('white_stained_glass_pane' , 'white stained glass pane' , 0.3 , 0.3 , 'no' , 'yes'),
	('yellow_bed' , 'yellow bed' , 0.2 , 0.2 , 'no' , 'yes'),
	('yellow_carpet' , 'yellow carpet' , 0.1 , 0.1 , 'no' , 'yes'),
	('yellow_stained_glass_pane' , 'yellow stained glass pane' , 0.3 , 0.3 , 'no' , 'yes'),
	('yellow_wool' , 'yellow wool' , 0.8 , 0.8 , 'no' , 'no'),
	('cactus' , 'cactus' , 0.4 , 0.4 , 'no' , 'yes'),
	('cyan_bed' , 'cyan bed' , 0.2 , 0.2 , 'no' , 'yes'),
	('dead_bush' , 'dead bush' , 0.0 , 0.0 , 'no' , 'yes'),
	('granite' , 'granite' , 6.0 , 1.5 , 'no' , 'no'),
	('granite_stairs' , 'granite stairs' , 6.0 , 1.5 , 'no' , 'partial'),
	('granite_wall' , 'granite wall' , 6.0 , 1.5 , 'no' , 'yes'),
	('green_bed' , 'green bed' , 0.2 , 0.2 , 'no' , 'yes'),
	('jungle_button' , 'jungle button' , 0.5 , 0.5 , 'no' , 'yes'),
	('jungle_door' , 'jungle door' , 3.0 , 3.0 , 'no' , 'partial'),
	('jungle_fence' , 'jungle fence' , 3.0 , 2.0 , 'no' , 'yes'),
	('jungle_fence_gate' , 'jungle fence gate' , 3.0 , 2.0 , 'no' , 'yes'),
	('jungle_trapdoor' , 'jungle trapdoor' , 3.0 , 3.0 , 'no' , 'yes'),
	('lime_bed' , 'lime bed' , 0.2 , 0.2 , 'no' , 'yes'),
	('lime_carpet' , 'lime carpet' , 0.1 , 0.1 , 'no' , 'yes'),
	('melon_stem' , 'melon stem' , 0.0 , 0.0 , 'no' , 'yes'),
	('potted_cactus' , 'potted cactus' , 0.0 , 0.0 , 'no' , 'yes'),
	('potted_dead_bush' , 'potted dead bush' , 0.0 , 0.0 , 'no' , 'yes'),
	('sandstone_wall' , 'sandstone wall' , 0.8 , 0.8 , 'no' , 'yes'),
	('sea_pickle' , 'sea pickle' , 0.0 , 0.0 , 'yes' , 'yes'),
	('smooth_sandstone' , 'smooth sandstone' , 6.0 , 2.0 , 'no' , 'no'),
	('smooth_sandstone_slab' , 'smooth sandstone slab' , 6.0 , 2.0 , 'no' , 'partial'),
	('smooth_sandstone_stairs' , 'smooth sandstone stairs' , 6.0 , 2.0 , 'no' , 'partial'),
	('stone_button' , 'stone button' , 0.5 , 0.5 , 'no' , 'yes'),
	('camel' , 'camel' , 0.0 , 0.0 , 'no' , 'no'),
	('blue_bed' , 'blue bed' , 0.2 , 0.2 , 'no' , 'yes'),
	('blue_carpet' , 'blue carpet' , 0.1 , 0.1 , 'no' , 'yes'),
	('blue_ice' , 'blue ice' , 2.8 , 2.8 , 'no' , 'no'),
	('diorite_stairs' , 'diorite stairs' , 6.0 , 1.5 , 'no' , 'partial'),
	('diorite_wall' , 'diorite wall' , 6.0 , 1.5 , 'no' , 'yes'),
	('lantern' , 'lantern' , 3.5 , 3.5 , 'yes' , 'yes'),
	('light_gray_wool' , 'light gray wool' , 0.8 , 0.8 , 'no' , 'no'),
	('packed_ice' , 'packed ice' , 0.5 , 0.5 , 'no' , 'no'),
	('snow' , 'snow' , 0.1 , 0.1 , 'no' , 'yes'),
	('spruce_door' , 'spruce door' , 3.0 , 3.0 , 'no' , 'partial'),
	('spruce_fence' , 'spruce fence' , 3.0 , 2.0 , 'no' , 'yes'),
	('spruce_fence_gate' , 'spruce fence gate' , 3.0 , 2.0 , 'no' , 'yes'),
	('spruce_log' , 'spruce log' , 2.0 , 2.0 , 'no' , 'no'),
	('spruce_leaves' , 'spruce leaves' , 0.2 , 0.2 , 'no' , 'partial'),
	('stripped_spruce_log' , 'stripped spruce log' , 2.0 , 2.0 , 'no' , 'no'),
	('stripped_spruce_wood' , 'stripped spruce wood' , 2.0 , 2.0 , 'no' , 'no'),
	('acacia_door' , 'acacia door' , 3.0 , 3.0 , 'no' , 'partial'),
	('acacia_fence' , 'acacia fence' , 3.0 , 2.0 , 'no' , 'yes'),
	('acacia_fence_gate' , 'acacia fence gate' , 3.0 , 2.0 , 'no' , 'yes'),
	('acacia_leaves' , 'acacia leaves' , 0.2 , 0.2 , 'no' , 'partial'),
	('acacia_log' , 'acacia log' , 2.0 , 2.0 , 'no' , 'no'),
	('acacia_planks' , 'acacia planks' , 3.0 , 2.0 , 'no' , 'no'),
	('acacia_pressure_plate' , 'acacia pressure plate' , 0.5 , 0.5 , 'no' , 'yes'),
	('acacia_sapling' , 'acacia sapling' , 0.0 , 0.0 , 'no' , 'yes'),
	('acacia_slab' , 'acacia slab' , 3.0 , 2.0 , 'no' , 'partial'),
	('acacia_stairs' , 'acacia stairs' , 3.0 , 2.0 , 'no' , 'partial'),
	('acacia_wood' , 'acacia wood' , 2.0 , 2.0 , 'no' , 'no'),
	('brown_wall_banner' , 'brown wall banner' , 1.0 , 1.0 , 'no' , 'yes'),
	('melon' , 'melon' , 1.0 , 1.0 , 'no' , 'partial'),
	('orange_bed' , 'orange bed' , 0.2 , 0.2 , 'no' , 'yes'),
	('orange_carpet' , 'orange carpet' , 0.1 , 0.1 , 'no' , 'yes'),
	('orange_stained_glass_pane' , 'orange stained glass pane' , 0.3 , 0.3 , 'no' , 'yes'),
	('stripped_acacia_log' , 'stripped acacia log' , 2.0 , 2.0 , 'no' , 'no'),
	('fern' , 'fern' , 0.0 , 0.0 , 'no' , 'yes'),
	('jack_o_lantern' , 'jack o lantern' , 1.0 , 1.0 , 'yes' , 'partial'),
	('large_fern' , 'large fern' , 0.0 , 0.0 , 'no' , 'yes'),
	('potted_poppy' , 'potted poppy' , 0.0 , 0.0 , 'no' , 'yes'),
	('potted_spruce_sapling' , 'potted spruce sapling' , 0.0 , 0.0 , 'no' , 'yes'),
	('pumpkin_stem' , 'pumpkin stem' , 0.0 , 0.0 , 'no' , 'yes'),
	('purple_bed' , 'purple bed' , 0.2 , 0.2 , 'no' , 'yes'),
	('purple_carpet' , 'purple carpet' , 0.1 , 0.1 , 'no' , 'yes'),
	('spruce_pressure_plate' , 'spruce pressure plate' , 0.5 , 0.5 , 'no' , 'yes'),
	('spruce_trapdoor' , 'spruce trapdoor' , 3.0 , 3.0 , 'no' , 'yes'),
	('spruce_wall_sign' , 'spruce wall sign' , 1.0 , 1.0 , 'no' , 'yes'),
	('spruce_wood' , 'spruce wood' , 2.0 , 2.0 , 'no' , 'no'),
	('sweet_berries' , 'sweet berries' , 0.0 , 0.0 , 'no' , 'yes'),
	('attached_melon_stem' , 'attached melon stem' , 0.0 , 0.0 , 'no' , 'yes'),
	('attached_pumpkin_stem' , 'attached pumpkin stem' , 0.0 , 0.0 , 'no' , 'yes'),
	('birch_fence' , 'birch fence' , 3.0 , 2.0 , 'no' , 'yes'),
	('birch_slab' , 'birch slab' , 3.0 , 2.0 , 'no' , 'partial'),
	('birch_stairs' , 'birch stairs' , 3.0 , 2.0 , 'no' , 'partial'),
	('black_wall_banner' , 'black wall banner' , 1.0 , 1.0 , 'no' , 'yes'),
	('black_carpet' , 'black carpet' , 0.1 , 0.1 , 'no' , 'yes'),
	('black_wool' , 'black wool' , 0.8 , 0.8 , 'no' , 'no'),
	('block_of_diamond' , 'block of diamond' , 6.0 , 5.0 , 'no' , 'no'),
	('block_of_lapis_lazuli' , 'block of lapis lazuli' , 3.0 , 3.0 , 'no' , 'no'),
	('blue_wool' , 'blue wool' , 0.8 , 0.8 , 'no' , 'no'),
	('brown_carpet' , 'brown carpet' , 0.1 , 0.1 , 'no' , 'yes'),
	('brown_mushroom' , 'brown mushroom' , 0.0 , 0.0 , 'yes' , 'yes'),
	('brown_wool' , 'brown wool' , 0.8 , 0.8 , 'no' , 'no'),
	('cyan_carpet' , 'cyan carpet' , 0.1 , 0.1 , 'no' , 'yes'),
	('cyan_wool' , 'cyan wool' , 0.8 , 0.8 , 'no' , 'no'),
	('damaged_anvil' , 'damaged anvil' , 1200.0 , 5.0 , 'no' , 'partial'),
	('dark_oak_door' , 'dark oak door' , 3.0 , 3.0 , 'no' , 'partial'),
	('dark_oak_fence_gate' , 'dark oak fence gate' , 3.0 , 2.0 , 'no' , 'yes'),
	('dark_oak_leaves' , 'dark oak leaves' , 0.2 , 0.2 , 'no' , 'partial'),
	('dark_oak_sapling' , 'dark oak sapling' , 0.0 , 0.0 , 'no' , 'yes'),
	('double_smooth_stone_slab' , 'double smooth stone slab' , 6.0 , 2.0 , 'no' , 'partial'),
	('glass' , 'glass' , 0.3 , 0.3 , 'no' , 'yes'),
	('gray_wall_banner' , 'gray wall banner' , 1.0 , 1.0 , 'no' , 'yes'),
	('gray_carpet' , 'gray carpet' , 0.1 , 0.1 , 'no' , 'yes'),
	('gray_wool' , 'gray wool' , 0.8 , 0.8 , 'no' , 'no'),
	('green_wool' , 'green wool' , 0.8 , 0.8 , 'no' , 'no'),
	('infested_cobblestone' , 'infested cobblestone' , 0.75 , 0.75 , 'no' , 'no'),
	('iron_door' , 'iron door' , 5.0 , 5.0 , 'no' , 'partial'),
	('light_blue_wool' , 'light blue wool' , 0.8 , 0.8 , 'no' , 'no'),
	('light_gray_wall_banner' , 'light gray wall banner' , 1.0 , 1.0 , 'no' , 'yes'),
	('lily_pad' , 'lily pad' , 0.0 , 0.0 , 'no' , 'yes'),
	('lime_wool' , 'lime wool' , 0.8 , 0.8 , 'no' , 'no'),
	('magenta_carpet' , 'magenta carpet' , 0.1 , 0.1 , 'no' , 'yes'),
	('obsidian' , 'obsidian' , 1200.0 , 50.0 , 'no' , 'no'),
	('orange_wool' , 'orange wool' , 0.8 , 0.8 , 'no' , 'no'),
	('pink_carpet' , 'pink carpet' , 0.1 , 0.1 , 'no' , 'yes'),
	('potted_allium' , 'potted allium' , 0.0 , 0.0 , 'no' , 'yes'),
	('potted_azure_bluet' , 'potted azure bluet' , 0.0 , 0.0 , 'no' , 'yes'),
	('potted_birch_sapling' , 'potted birch sapling' , 0.0 , 0.0 , 'no' , 'yes'),
	('potted_blue_orchid' , 'potted blue orchid' , 0.0 , 0.0 , 'no' , 'yes'),
	('potted_oxeye_daisy' , 'potted oxeye daisy' , 0.0 , 0.0 , 'no' , 'yes'),
	('potted_red_tulip' , 'potted red tulip' , 0.0 , 0.0 , 'no' , 'yes'),
	('potted_white_tulip' , 'potted white tulip' , 0.0 , 0.0 , 'no' , 'yes'),
	('red_mushroom' , 'red mushroom' , 0.0 , 0.0 , 'yes' , 'yes'),
	('red_wool' , 'red wool' , 0.8 , 0.8 , 'no' , 'no'),
	('trapped_chest' , 'trapped chest' , 2.5 , 2.5 , 'no' , 'yes'),
	('kelp' , 'kelp' , 0.0 , 0.0 , 'no' , 'yes'),
	('kelp_plant' , 'kelp plant' , 0.0 , 0.0 , 'no' , 'yes'),
	('magma_block' , 'magma block' , 0.5 , 0.5 , 'yes' , 'no'),
	('polished_diorite' , 'polished diorite' , 6.0 , 1.5 , 'no' , 'no'),
	('polished_granite' , 'polished granite' , 6.0 , 1.5 , 'no' , 'no'),
	('prismarine' , 'prismarine' , 6.0 , 1.5 , 'no' , 'no'),
	('sea_lantern' , 'sea lantern' , 0.3 , 0.3 , 'yes' , 'partial'),
	('seagrass' , 'seagrass' , 0.0 , 0.0 , 'no' , 'yes'),
	('stone_brick_stairs' , 'stone brick stairs' , 6.0 , 1.5 , 'no' , 'partial'),
	('tall_seagrass' , 'tall seagrass' , 0.0 , 0.0 , 'no' , 'yes'),
	('acacia_trapdoor' , 'acacia trapdoor' , 3.0 , 3.0 , 'no' , 'yes'),
	('dark_oak_trapdoor' , 'dark oak trapdoor' , 3.0 , 3.0 , 'no' , 'yes'),
	('jungle_log' , 'jungle log' , 2.0 , 2.0 , 'no' , 'no'),
	('jungle_planks' , 'jungle planks' , 3.0 , 2.0 , 'no' , 'no'),
	('jungle_slab' , 'jungle slab' , 3.0 , 2.0 , 'no' , 'partial'),
	('jungle_stairs' , 'jungle stairs' , 3.0 , 2.0 , 'no' , 'partial'),
	('stripped_dark_oak_log' , 'stripped dark oak log' , 2.0 , 2.0 , 'no' , 'no'),
	('stripped_jungle_log' , 'stripped jungle log' , 2.0 , 2.0 , 'no' , 'no'),
	('block_of_gold' , 'block of gold' , 6.0 , 3.0 , 'no' , 'no'),
	('dark_prismarine' , 'dark prismarine' , 6.0 , 1.5 , 'no' , 'no'),
	('prismarine_bricks' , 'prismarine bricks' , 6.0 , 1.5 , 'no' , 'no'),
	('wet_sponge' , 'wet sponge' , 0.6 , 0.6 , 'no' , 'no'),
	('end_rod' , 'end rod' , 0.0 , 0.0 , 'yes' , 'yes'),
	('end_stone_bricks' , 'end stone bricks' , 9.0 , 3.0 , 'no' , 'no'),
	('ender_chest' , 'ender chest' , 600.0 , 22.5 , 'yes' , 'yes'),
	('magenta_wall_banner' , 'magenta wall banner' , 1.0 , 1.0 , 'no' , 'yes'),
	('magenta_stained_glass' , 'magenta stained glass' , 0.3 , 0.3 , 'no' , 'yes'),
	('purpur_block' , 'purpur block' , 6.0 , 1.5 , 'no' , 'no'),
	('purpur_slab' , 'purpur slab' , 6.0 , 2.0 , 'no' , 'partial'),
	('purpur_stairs' , 'purpur stairs' , 6.0 , 1.5 , 'no' , 'partial'),
	('purpur_pillar' , 'purpur pillar' , 6.0 , 1.5 , 'no' , 'no'),
	('coral_block' , 'coral block' , 6.0 , 1.5 , 'no' , 'no'),
	('coral' , 'coral' , 0.0 , 0.0 , 'no' , 'yes'),
	('coral_fan' , 'coral fan' , 0.0 , 0.0 , 'no' , 'yes'),
	('dead_coral_blocks' , 'dead coral blocks' , 6.0 , 1.5 , 'no' , 'no'),
	('dead_coral_fans' , 'dead coral fans' , 0.0 , 0.0 , 'no' , 'yes'),
	('andesite' , 'andesite' , 6.0 , 1.5 , 'no' , 'no'),
	('amethyst_cluster' , 'amethyst cluster' , 1.5 , 1.5 , 'no' , 'yes'),
	('large_amethyst_bud' , 'large amethyst bud' , 1.5 , 1.5 , 'no' , 'yes'),
	('medium_amethyst_bud' , 'medium amethyst bud' , 1.5 , 1.5 , 'no' , 'yes'),
	('small_amethyst_bud' , 'small amethyst bud' , 1.5 , 1.5 , 'no' , 'yes'),
	('block_of_amethyst' , 'block of amethyst' , 1.5 , 1.5 , 'no' , 'partial'),
	('budding_amethyst' , 'budding amethyst' , 1.5 , 1.5 , 'no' , 'partial'),
	('calcite' , 'calcite' , 0.75 , 0.75 , 'no' , 'no'),
	('smooth_basalt' , 'smooth basalt' , 4.2 , 1.25 , 'no' , 'no'),
	('bone_block' , 'bone block' , 2.0 , 2.0 , 'no' , 'no'),
	('coal_ore' , 'coal ore' , 3.0 , 3.0 , 'no' , 'no'),
	('diamond_ore' , 'diamond ore' , 3.0 , 3.0 , 'no' , 'no'),
	('deepslate_diamond_ore' , 'deepslate diamond ore' , 3.0 , 3.0 , 'no' , 'no'),
	('bedrock' , 'bedrock' , 3600000.0 , 1.0 , 'no' , 'no'),
	('end_stone' , 'end stone' , 9.0 , 3.0 , 'no' , 'no'),
	('end_portal_(block)' , 'end portal (block)' , 3600000.0 , 1.0 , 'yes' , 'yes'),
	('dragon_egg' , 'dragon egg' , 9.0 , 3.0 , 'yes' , 'yes'),
	('end_gateway_(block)' , 'end gateway (block)' , 3600000.0 , 1.0 , 'yes' , 'no'),
	('air' , 'air' , 0.0 , 0.0 , 'no' , 'yes'),
	('fire' , 'fire' , 0.0 , 0.0 , 'yes' , 'partial'),
	('end_crystal' , 'end crystal' , 0.0 , 0.0 , 'no' , 'no'),
	('deepslate' , 'deepslate' , 6.0 , 3.0 , 'no' , 'no'),
	('cobbled_deepslate' , 'cobbled deepslate' , 6.0 , 3.5 , 'no' , 'no'),
	('polished_deepslate' , 'polished deepslate' , 6.0 , 3.5 , 'no' , 'no'),
	('deepslate_bricks' , 'deepslate bricks' , 6.0 , 3.5 , 'no' , 'no'),
	('deepslate_tiles' , 'deepslate tiles' , 6.0 , 3.5 , 'no' , 'no'),
	('chiseled_deepslate' , 'chiseled deepslate' , 6.0 , 3.5 , 'no' , 'no'),
	('cracked_deepslate_bricks' , 'cracked deepslate bricks' , 6.0 , 3.5 , 'no' , 'no'),
	('cracked_deepslate_tiles' , 'cracked deepslate tiles' , 6.0 , 3.5 , 'no' , 'no'),
	('cobbled_deepslate_slab' , 'cobbled deepslate slab' , 6.0 , 3.5 , 'no' , 'partial'),
	('cobbled_deepslate_stairs' , 'cobbled deepslate stairs' , 6.0 , 3.5 , 'no' , 'partial'),
	('cobbled_deepslate_wall' , 'cobbled deepslate wall' , 6.0 , 3.5 , 'no' , 'yes'),
	('polished_deepslate_slab' , 'polished deepslate slab' , 6.0 , 3.5 , 'no' , 'partial'),
	('polished_deepslate_stairs' , 'polished deepslate stairs' , 6.0 , 3.5 , 'no' , 'partial'),
	('polished_deepslate_wall' , 'polished deepslate wall' , 6.0 , 3.5 , 'no' , 'yes'),
	('deepslate_brick_slab' , 'deepslate brick slab' , 6.0 , 3.5 , 'no' , 'partial'),
	('deepslate_brick_stairs' , 'deepslate brick stairs' , 6.0 , 3.5 , 'no' , 'partial'),
	('deepslate_brick_wall' , 'deepslate brick wall' , 6.0 , 3.5 , 'no' , 'yes'),
	('deepslate_tile_slab' , 'deepslate tile slab' , 6.0 , 3.5 , 'no' , 'partial'),
	('deepslate_tile_stairs' , 'deepslate tile stairs' , 6.0 , 3.5 , 'no' , 'partial'),
	('deepslate_tile_wall' , 'deepslate tile wall' , 6.0 , 3.5 , 'no' , 'yes'),
	('polished_basalt' , 'polished basalt' , 4.2 , 1.25 , 'no' , 'no'),
	('candle' , 'candle' , 0.1 , 0.1 , 'yes' , 'yes'),
	('soul_lantern' , 'soul lantern' , 3.5 , 3.5 , 'yes' , 'yes'),
	('reinforced_deepslate' , 'reinforced deepslate' , 1200.0 , 55.0 , 'no' , 'no'),
	('sculk_sensor' , 'sculk sensor' , 1.5 , 1.5 , 'yes' , 'yes'),
	('redstone_lamp' , 'redstone lamp' , 0.3 , 0.3 , 'yes' , 'partial'),
	('soul_fire' , 'soul fire' , 0.0 , 0.0 , 'yes' , 'partial'),
	('soul_sand' , 'soul sand' , 0.5 , 0.5 , 'no' , 'no'),
	('redstone_comparator' , 'redstone comparator' , 0.0 , 0.0 , 'no' , 'yes'),
	('redstone_wall_torch' , 'redstone wall torch' , 0.0 , 0.0 , 'yes' , 'yes'),
	('block_of_redstone' , 'block of redstone' , 6.0 , 5.0 , 'no' , 'partial'),
	('target' , 'target' , 0.5 , 0.5 , 'no' , 'no'),
	('piston_head' , 'piston head' , 0.5 , 1.5 , 'no' , 'yes'),
	('iron_trapdoor' , 'iron trapdoor' , 5.0 , 5.0 , 'no' , 'yes'),
	('note_block' , 'note block' , 0.8 , 0.8 , 'no' , 'no'),
	('skeleton_skull' , 'skeleton skull' , 1.0 , 1.0 , 'no' , 'yes'),
	('white_candle' , 'white candle' , 0.1 , 0.1 , 'yes' , 'yes'),
	('light_blue_carpet' , 'light blue carpet' , 0.1 , 0.1 , 'no' , 'yes'),
	('infested_block' , 'infested block' , 0.75 , 0.75 , 'no' , 'no'),
	('end_portal_frame' , 'end portal frame' , 3600000.0 , 1.0 , 'yes' , 'partial'),
	('stone_brick_slab' , 'stone brick slab' , 6.0 , 2.0 , 'no' , 'partial'),
	('netherrack' , 'netherrack' , 0.4 , 0.4 , 'no' , 'no'),
	('crying_obsidian' , 'crying obsidian' , 1200.0 , 50.0 , 'yes' , 'no'),
	('mossy_stone_brick_stairs' , 'mossy stone brick stairs' , 6.0 , 1.5 , 'no' , 'partial'),
	('mossy_stone_brick_slab' , 'mossy stone brick slab' , 6.0 , 1.5 , 'no' , 'partial'),
	('stone_slab' , 'stone slab' , 6.0 , 2.0 , 'no' , 'partial'),
	('mossy_stone_brick_wall' , 'mossy stone brick wall' , 6.0 , 1.5 , 'no' , 'yes'),
	('nether_bricks' , 'nether bricks' , 6.0 , 2.0 , 'no' , 'no'),
	('nether_brick_fence' , 'nether brick fence' , 6.0 , 2.0 , 'no' , 'yes'),
	('nether_brick_stairs' , 'nether brick stairs' , 6.0 , 2.0 , 'no' , 'partial'),
	('nether_wart' , 'nether wart' , 0.0 , 0.0 , 'no' , 'yes'),
	('basalt' , 'basalt' , 4.2 , 1.25 , 'no' , 'no'),
	('blackstone' , 'blackstone' , 6.0 , 1.5 , 'no' , 'no'),
	('blackstone_slab' , 'blackstone slab' , 6.0 , 2.0 , 'no' , 'partial'),
	('blackstone_stairs' , 'blackstone stairs' , 6.0 , 1.5 , 'no' , 'partial'),
	('blackstone_wall' , 'blackstone wall' , 6.0 , 1.5 , 'no' , 'yes'),
	('gilded_blackstone' , 'gilded blackstone' , 6.0 , 1.5 , 'no' , 'no'),
	('polished_blackstone_bricks' , 'polished blackstone bricks' , 6.0 , 1.5 , 'no' , 'no'),
	('polished_blackstone_brick_stairs' , 'polished blackstone brick stairs' , 6.0 , 1.5 , 'no' , 'partial'),
	('cracked_polished_blackstone_bricks' , 'cracked polished blackstone bricks' , 6.0 , 1.5 , 'no' , 'no'),
	('chiseled_polished_blackstone' , 'chiseled polished blackstone' , 6.0 , 1.5 , 'no' , 'no'),
	('glowstone' , 'glowstone' , 0.3 , 0.3 , 'yes' , 'yes'),
	('block_of_quartz' , 'block of quartz' , 0.8 , 0.8 , 'no' , 'no'),
	('smooth_quartz' , 'smooth quartz' , 6.0 , 2.0 , 'no' , 'no'),
	('smooth_quartz_slab' , 'smooth quartz slab' , 6.0 , 2.0 , 'no' , 'partial'),
	('button' , 'button' , 0.5 , 0.5 , 'no' , 'yes'),
	('stairs' , 'stairs' , 6.0 , 1.5 , 'no' , 'partial'),
	('slab' , 'slab' , 6.0 , 2.0 , 'no' , 'partial'),
	('wall' , 'wall' , 6.0 , 2.0 , 'no' , 'yes');

INSERT INTO structure_block VALUES
	('mineshaft' , 'oak_planks'),
	('mineshaft' , 'dark_oak_planks'),
	('mineshaft' , 'oak_fence'),
	('mineshaft' , 'dark_oak_fence'),
	('mineshaft' , 'oak_log'),
	('mineshaft' , 'dark_oak_log'),
	('mineshaft' , 'rail'),
	('mineshaft' , 'torch'),
	('mineshaft' , 'cobweb'),
	('mineshaft' , 'monster_spawner'),
	('mineshaft' , 'chain'),
	('mineshaft' , 'minecart_with_chest'),
	('buried_treasure' , 'chest'),
	('buried_treasure' , 'gravel'),
	('buried_treasure' , 'sand'),
	('buried_treasure' , 'sandstone'),
	('buried_treasure' , 'stone'),
	('buried_treasure' , 'water'),
	('buried_treasure' , 'diorite'),
	('trail_ruins' , 'anvil'),
	('trail_ruins' , 'black_glazed_terracotta'),
	('trail_ruins' , 'black_terracotta'),
	('trail_ruins' , 'blast_furnace'),
	('trail_ruins' , 'block_of_coal'),
	('trail_ruins' , 'blue_glazed_terracotta'),
	('trail_ruins' , 'blue_terracotta'),
	('trail_ruins' , 'brick_slab'),
	('trail_ruins' , 'brick_stairs'),
	('trail_ruins' , 'brick_wall'),
	('trail_ruins' , 'bricks'),
	('trail_ruins' , 'brown_glazed_terracotta'),
	('trail_ruins' , 'brown_stained_glass'),
	('trail_ruins' , 'brown_terracotta'),
	('trail_ruins' , 'campfire'),
	('trail_ruins' , 'cartography_table'),
	('trail_ruins' , 'cauldron'),
	('trail_ruins' , 'coarse_dirt'),
	('trail_ruins' , 'cobblestone'),
	('trail_ruins' , 'composter'),
	('trail_ruins' , 'cracked_stone_bricks'),
	('trail_ruins' , 'crafting_table'),
	('trail_ruins' , 'cyan_glazed_terracotta'),
	('trail_ruins' , 'cyan_terracotta'),
	('trail_ruins' , 'dirt'),
	('trail_ruins' , 'furnace'),
	('trail_ruins' , 'gravel'),
	('trail_ruins' , 'gray_glazed_terracotta'),
	('trail_ruins' , 'gray_terracotta'),
	('trail_ruins' , 'green_terracotta'),
	('trail_ruins' , 'grindstone'),
	('trail_ruins' , 'iron_bars'),
	('trail_ruins' , 'ladder'),
	('trail_ruins' , 'light_blue_glazed_terracotta'),
	('trail_ruins' , 'light_blue_terracotta'),
	('trail_ruins' , 'light_gray_glazed_terracotta'),
	('trail_ruins' , 'light_gray_terracotta'),
	('trail_ruins' , 'lime_glazed_terracotta'),
	('trail_ruins' , 'lime_terracotta'),
	('trail_ruins' , 'loom'),
	('trail_ruins' , 'mud'),
	('trail_ruins' , 'mud_brick_slab'),
	('trail_ruins' , 'mud_brick_stairs'),
	('trail_ruins' , 'mud_brick_wall'),
	('trail_ruins' , 'mud_bricks'),
	('trail_ruins' , 'orange_glazed_terracotta'),
	('trail_ruins' , 'orange_terracotta'),
	('trail_ruins' , 'packed_mud'),
	('trail_ruins' , 'purple_glazed_terracotta'),
	('trail_ruins' , 'red_glazed_terracotta'),
	('trail_ruins' , 'red_terracotta'),
	('trail_ruins' , 'smithing_table'),
	('trail_ruins' , 'smooth_stone'),
	('trail_ruins' , 'smooth_stone_slab'),
	('trail_ruins' , 'suspicious_gravel'),
	('trail_ruins' , 'stone'),
	('trail_ruins' , 'stone_bricks'),
	('trail_ruins' , 'stonecutter'),
	('trail_ruins' , 'terracotta'),
	('trail_ruins' , 'white_glazed_terracotta'),
	('trail_ruins' , 'white_terracotta'),
	('trail_ruins' , 'yellow_glazed_terracotta'),
	('trail_ruins' , 'yellow_terracotta'),
	('desert_pyramid' , 'blue_terracotta'),
	('desert_pyramid' , 'chest'),
	('desert_pyramid' , 'chiseled_sandstone'),
	('desert_pyramid' , 'cut_sandstone'),
	('desert_pyramid' , 'orange_terracotta'),
	('desert_pyramid' , 'sand'),
	('desert_pyramid' , 'sandstone'),
	('desert_pyramid' , 'sandstone_slab'),
	('desert_pyramid' , 'sandstone_stairs'),
	('desert_pyramid' , 'stone_pressure_plate'),
	('desert_pyramid' , 'suspicious_sand'),
	('desert_pyramid' , 'tnt'),
	('igloo' , 'snow_block'),
	('igloo' , 'white_carpet'),
	('igloo' , 'light_gray_carpet'),
	('igloo' , 'ice'),
	('igloo' , 'redstone_torch'),
	('igloo' , 'furnace'),
	('igloo' , 'red_bed'),
	('igloo' , 'crafting_table'),
	('igloo' , 'oak_trapdoor'),
	('igloo' , 'ladder'),
	('igloo' , 'torch'),
	('igloo' , 'stone'),
	('igloo' , 'stone_bricks'),
	('igloo' , 'cracked_stone_bricks'),
	('igloo' , 'mossy_stone_bricks'),
	('igloo' , 'chiseled_stone_bricks'),
	('igloo' , 'infested_stone_bricks'),
	('igloo' , 'chest'),
	('igloo' , 'red_carpet'),
	('igloo' , 'polished_andesite'),
	('igloo' , 'cobweb'),
	('igloo' , 'iron_bars'),
	('igloo' , 'oak_wall_sign'),
	('igloo' , 'water_cauldron'),
	('igloo' , 'spruce_stairs'),
	('igloo' , 'spruce_slab'),
	('igloo' , 'brewing_stand'),
	('igloo' , 'flower_pot'),
	('jungle_temple' , 'chest'),
	('jungle_temple' , 'chiseled_stone_bricks'),
	('jungle_temple' , 'cobblestone'),
	('jungle_temple' , 'cobblestone_stairs'),
	('jungle_temple' , 'dispenser'),
	('jungle_temple' , 'lever'),
	('jungle_temple' , 'mossy_cobblestone'),
	('jungle_temple' , 'redstone_repeater'),
	('jungle_temple' , 'redstone_dust'),
	('jungle_temple' , 'sticky_piston'),
	('jungle_temple' , 'tripwire'),
	('jungle_temple' , 'tripwire_hook'),
	('jungle_temple' , 'vines'),
	('pillager_outpost' , 'birch_planks'),
	('pillager_outpost' , 'carved_pumpkin'),
	('pillager_outpost' , 'chest'),
	('pillager_outpost' , 'cobblestone'),
	('pillager_outpost' , 'cobblestone_stairs'),
	('pillager_outpost' , 'cobblestone_slab'),
	('pillager_outpost' , 'cobblestone_wall'),
	('pillager_outpost' , 'crafting_table'),
	('pillager_outpost' , 'dark_oak_fence'),
	('pillager_outpost' , 'dark_oak_log'),
	('pillager_outpost' , 'dark_oak_planks'),
	('pillager_outpost' , 'dark_oak_slab'),
	('pillager_outpost' , 'dark_oak_stairs'),
	('pillager_outpost' , 'hay_bale'),
	('pillager_outpost' , 'mossy_cobblestone'),
	('pillager_outpost' , 'mossy_cobblestone_slab'),
	('pillager_outpost' , 'mossy_cobblestone_stairs'),
	('pillager_outpost' , 'mossy_cobblestone_wall'),
	('pillager_outpost' , 'ominous_wall_banner'),
	('pillager_outpost' , 'pumpkin'),
	('pillager_outpost' , 'torch'),
	('pillager_outpost' , 'vines'),
	('pillager_outpost' , 'white_wool'),
	('swamp_hut' , 'cauldron'),
	('swamp_hut' , 'crafting_table'),
	('swamp_hut' , 'oak_fence'),
	('swamp_hut' , 'oak_log'),
	('swamp_hut' , 'potted_red_mushroom'),
	('swamp_hut' , 'spruce_planks'),
	('swamp_hut' , 'spruce_stairs'),
	('village' , 'azure_bluet'),
	('village' , 'barrel'),
	('village' , 'beetroot'),
	('village' , 'bell'),
	('village' , 'blast_furnace'),
	('village' , 'bookshelf'),
	('village' , 'brewing_stand'),
	('village' , 'bricks'),
	('village' , 'brown_stained_glass_pane'),
	('village' , 'carrots'),
	('village' , 'cartography_table'),
	('village' , 'chest'),
	('village' , 'clay'),
	('village' , 'cobblestone'),
	('village' , 'cobblestone_slab'),
	('village' , 'cobblestone_stairs'),
	('village' , 'cobblestone_wall'),
	('village' , 'cobweb'),
	('village' , 'composter'),
	('village' , 'cornflower'),
	('village' , 'crafting_table'),
	('village' , 'dandelion'),
	('village' , 'dirt'),
	('village' , 'dirt_path'),
	('village' , 'farmland'),
	('village' , 'fletching_table'),
	('village' , 'furnace'),
	('village' , 'glass_pane'),
	('village' , 'grass'),
	('village' , 'grass_block'),
	('village' , 'green_carpet'),
	('village' , 'grindstone'),
	('village' , 'hay_bale'),
	('village' , 'iron_bars'),
	('village' , 'lava'),
	('village' , 'lectern'),
	('village' , 'loom'),
	('village' , 'mossy_cobblestone'),
	('village' , 'oak_door'),
	('village' , 'oak_fence'),
	('village' , 'oak_fence_gate'),
	('village' , 'oak_leaves'),
	('village' , 'oak_log'),
	('village' , 'oak_planks'),
	('village' , 'oak_pressure_plate'),
	('village' , 'oak_slab'),
	('village' , 'oak_stairs'),
	('village' , 'oak_trapdoor'),
	('village' , 'oxeye_daisy'),
	('village' , 'poppy'),
	('village' , 'potatoes'),
	('village' , 'potted_dandelion'),
	('village' , 'smithing_table'),
	('village' , 'smoker'),
	('village' , 'smooth_stone'),
	('village' , 'smooth_stone_slab'),
	('village' , 'stonecutter'),
	('village' , 'stripped_oak_log'),
	('village' , 'stripped_oak_wood'),
	('village' , 'tall_grass'),
	('village' , 'terracotta'),
	('village' , 'torch'),
	('village' , 'wall_torch'),
	('village' , 'water'),
	('village' , 'water_cauldron'),
	('village' , 'wheat'),
	('village' , 'white_bed'),
	('village' , 'white_carpet'),
	('village' , 'white_stained_glass_pane'),
	('village' , 'white_terracotta'),
	('village' , 'white_wool'),
	('village' , 'yellow_bed'),
	('village' , 'yellow_carpet'),
	('village' , 'yellow_stained_glass_pane'),
	('village' , 'yellow_wool'),
	('village' , 'barrel'),
	('village' , 'beetroot'),
	('village' , 'bell'),
	('village' , 'blast_furnace'),
	('village' , 'bookshelf'),
	('village' , 'brewing_stand'),
	('village' , 'cactus'),
	('village' , 'cartography_table'),
	('village' , 'chest'),
	('village' , 'chiseled_sandstone'),
	('village' , 'clay'),
	('village' , 'cobblestone'),
	('village' , 'cobweb'),
	('village' , 'composter'),
	('village' , 'crafting_table'),
	('village' , 'cut_sandstone'),
	('village' , 'cyan_bed'),
	('village' , 'dead_bush'),
	('village' , 'farmland'),
	('village' , 'fletching_table'),
	('village' , 'furnace'),
	('village' , 'granite'),
	('village' , 'granite_stairs'),
	('village' , 'granite_wall'),
	('village' , 'grass'),
	('village' , 'grass_block'),
	('village' , 'green_bed'),
	('village' , 'green_carpet'),
	('village' , 'grindstone'),
	('village' , 'hay_bale'),
	('village' , 'iron_bars'),
	('village' , 'jungle_button'),
	('village' , 'jungle_door'),
	('village' , 'jungle_fence'),
	('village' , 'jungle_fence_gate'),
	('village' , 'jungle_trapdoor'),
	('village' , 'ladder'),
	('village' , 'lava'),
	('village' , 'lectern'),
	('village' , 'light_blue_glazed_terracotta'),
	('village' , 'lime_bed'),
	('village' , 'lime_carpet'),
	('village' , 'lime_glazed_terracotta'),
	('village' , 'lime_terracotta'),
	('village' , 'loom'),
	('village' , 'melon_stem'),
	('village' , 'potted_cactus'),
	('village' , 'potted_dead_bush'),
	('village' , 'sand'),
	('village' , 'sandstone'),
	('village' , 'sandstone_slab'),
	('village' , 'sandstone_wall'),
	('village' , 'sea_pickle'),
	('village' , 'smithing_table'),
	('village' , 'smoker'),
	('village' , 'smooth_sandstone'),
	('village' , 'smooth_sandstone_slab'),
	('village' , 'smooth_sandstone_stairs'),
	('village' , 'smooth_stone_slab'),
	('village' , 'stone_button'),
	('village' , 'stonecutter'),
	('village' , 'terracotta'),
	('village' , 'torch'),
	('village' , 'wall_torch'),
	('village' , 'water'),
	('village' , 'water_cauldron'),
	('village' , 'wheat'),
	('village' , 'white_carpet'),
	('village' , 'white_glazed_terracotta'),
	('village' , 'camel'),
	('village' , 'barrel'),
	('village' , 'bell'),
	('village' , 'blast_furnace'),
	('village' , 'blue_bed'),
	('village' , 'blue_carpet'),
	('village' , 'blue_ice'),
	('village' , 'bookshelf'),
	('village' , 'brewing_stand'),
	('village' , 'brown_stained_glass_pane'),
	('village' , 'carrots'),
	('village' , 'cartography_table'),
	('village' , 'chest'),
	('village' , 'cobblestone'),
	('village' , 'cobblestone_wall'),
	('village' , 'cobweb'),
	('village' , 'composter'),
	('village' , 'diorite'),
	('village' , 'diorite_stairs'),
	('village' , 'diorite_wall'),
	('village' , 'dirt'),
	('village' , 'dirt_path'),
	('village' , 'farmland'),
	('village' , 'fletching_table'),
	('village' , 'furnace'),
	('village' , 'glass_pane'),
	('village' , 'grass'),
	('village' , 'grass_block'),
	('village' , 'grindstone'),
	('village' , 'iron_bars'),
	('village' , 'lantern'),
	('village' , 'lava'),
	('village' , 'lectern'),
	('village' , 'light_gray_wool'),
	('village' , 'loom'),
	('village' , 'packed_ice'),
	('village' , 'potatoes'),
	('village' , 'red_bed'),
	('village' , 'red_carpet'),
	('village' , 'smithing_table'),
	('village' , 'smoker'),
	('village' , 'smooth_stone'),
	('village' , 'smooth_stone_slab'),
	('village' , 'snow'),
	('village' , 'snow_block'),
	('village' , 'spruce_door'),
	('village' , 'spruce_fence'),
	('village' , 'spruce_fence_gate'),
	('village' , 'spruce_log'),
	('village' , 'spruce_leaves'),
	('village' , 'spruce_planks'),
	('village' , 'spruce_slab'),
	('village' , 'spruce_stairs'),
	('village' , 'stone_bricks'),
	('village' , 'stripped_spruce_log'),
	('village' , 'stripped_spruce_wood'),
	('village' , 'torch'),
	('village' , 'wall_torch'),
	('village' , 'water'),
	('village' , 'water_cauldron'),
	('village' , 'wheat'),
	('village' , 'white_bed'),
	('village' , 'acacia_door'),
	('village' , 'acacia_fence'),
	('village' , 'acacia_fence_gate'),
	('village' , 'acacia_leaves'),
	('village' , 'acacia_log'),
	('village' , 'acacia_planks'),
	('village' , 'acacia_pressure_plate'),
	('village' , 'acacia_sapling'),
	('village' , 'acacia_slab'),
	('village' , 'acacia_stairs'),
	('village' , 'acacia_wood'),
	('village' , 'barrel'),
	('village' , 'bell'),
	('village' , 'blast_furnace'),
	('village' , 'bookshelf'),
	('village' , 'brewing_stand'),
	('village' , 'brown_stained_glass_pane'),
	('village' , 'brown_wall_banner'),
	('village' , 'cartography_table'),
	('village' , 'chest'),
	('village' , 'clay'),
	('village' , 'cobblestone'),
	('village' , 'cobblestone_wall'),
	('village' , 'cobweb'),
	('village' , 'composter'),
	('village' , 'crafting_table'),
	('village' , 'dandelion'),
	('village' , 'dirt'),
	('village' , 'dirt_path'),
	('village' , 'farmland'),
	('village' , 'fletching_table'),
	('village' , 'glass_pane'),
	('village' , 'grass'),
	('village' , 'grass_block'),
	('village' , 'grindstone'),
	('village' , 'hay_bale'),
	('village' , 'iron_bars'),
	('village' , 'lava'),
	('village' , 'melon'),
	('village' , 'melon_stem'),
	('village' , 'lectern'),
	('village' , 'loom'),
	('village' , 'orange_bed'),
	('village' , 'orange_carpet'),
	('village' , 'orange_glazed_terracotta'),
	('village' , 'orange_stained_glass_pane'),
	('village' , 'orange_terracotta'),
	('village' , 'poppy'),
	('village' , 'potted_dandelion'),
	('village' , 'red_bed'),
	('village' , 'red_carpet'),
	('village' , 'red_terracotta'),
	('village' , 'smithing_table'),
	('village' , 'smoker'),
	('village' , 'smooth_stone'),
	('village' , 'smooth_stone_slab'),
	('village' , 'stonecutter'),
	('village' , 'stripped_acacia_log'),
	('village' , 'tall_grass'),
	('village' , 'torch'),
	('village' , 'wall_torch'),
	('village' , 'water'),
	('village' , 'water_cauldron'),
	('village' , 'white_carpet'),
	('village' , 'yellow_glazed_terracotta'),
	('village' , 'yellow_stained_glass_pane'),
	('village' , 'yellow_terracotta'),
	('village' , 'barrel'),
	('village' , 'bell'),
	('village' , 'blast_furnace'),
	('village' , 'bookshelf'),
	('village' , 'blue_bed'),
	('village' , 'brewing_stand'),
	('village' , 'brown_stained_glass_pane'),
	('village' , 'campfire'),
	('village' , 'cartography_table'),
	('village' , 'chest'),
	('village' , 'clay'),
	('village' , 'cobblestone'),
	('village' , 'cobblestone_stairs'),
	('village' , 'cobblestone_wall'),
	('village' , 'cobweb'),
	('village' , 'composter'),
	('village' , 'crafting_table'),
	('village' , 'dirt'),
	('village' , 'dirt_path'),
	('village' , 'farmland'),
	('village' , 'fern'),
	('village' , 'fletching_table'),
	('village' , 'furnace'),
	('village' , 'glass_pane'),
	('village' , 'gravel'),
	('village' , 'grass'),
	('village' , 'grass_block'),
	('village' , 'grindstone'),
	('village' , 'hay_bale'),
	('village' , 'jack_o_lantern'),
	('village' , 'ladder'),
	('village' , 'large_fern'),
	('village' , 'lectern'),
	('village' , 'loom'),
	('village' , 'mossy_cobblestone'),
	('village' , 'poppy'),
	('village' , 'potatoes'),
	('village' , 'potted_poppy'),
	('village' , 'potted_spruce_sapling'),
	('village' , 'pumpkin'),
	('village' , 'pumpkin_stem'),
	('village' , 'purple_bed'),
	('village' , 'purple_carpet'),
	('village' , 'red_carpet'),
	('village' , 'sand'),
	('village' , 'smithing_table'),
	('village' , 'smoker'),
	('village' , 'smooth_stone_slab'),
	('village' , 'stonecutter'),
	('village' , 'spruce_door'),
	('village' , 'spruce_fence'),
	('village' , 'spruce_fence_gate'),
	('village' , 'spruce_leaves'),
	('village' , 'spruce_log'),
	('village' , 'spruce_planks'),
	('village' , 'spruce_pressure_plate'),
	('village' , 'spruce_stairs'),
	('village' , 'spruce_trapdoor'),
	('village' , 'spruce_wall_sign'),
	('village' , 'spruce_wood'),
	('village' , 'sweet_berries'),
	('village' , 'torch'),
	('village' , 'wall_torch'),
	('village' , 'wheat'),
	('village' , 'water'),
	('village' , 'water_cauldron'),
	('village' , 'white_carpet'),
	('abandoned_village' , 'azure_bluet'),
	('abandoned_village' , 'barrel'),
	('abandoned_village' , 'beetroot'),
	('abandoned_village' , 'bell'),
	('abandoned_village' , 'blast_furnace'),
	('abandoned_village' , 'bookshelf'),
	('abandoned_village' , 'brewing_stand'),
	('abandoned_village' , 'bricks'),
	('abandoned_village' , 'brown_stained_glass_pane'),
	('abandoned_village' , 'carrots'),
	('abandoned_village' , 'cartography_table'),
	('abandoned_village' , 'chest'),
	('abandoned_village' , 'clay'),
	('abandoned_village' , 'cobblestone'),
	('abandoned_village' , 'cobblestone_slab'),
	('abandoned_village' , 'cobblestone_stairs'),
	('abandoned_village' , 'cobblestone_wall'),
	('abandoned_village' , 'cobweb'),
	('abandoned_village' , 'composter'),
	('abandoned_village' , 'cornflower'),
	('abandoned_village' , 'crafting_table'),
	('abandoned_village' , 'dandelion'),
	('abandoned_village' , 'dirt'),
	('abandoned_village' , 'dirt_path'),
	('abandoned_village' , 'farmland'),
	('abandoned_village' , 'fletching_table'),
	('abandoned_village' , 'furnace'),
	('abandoned_village' , 'glass_pane'),
	('abandoned_village' , 'grass'),
	('abandoned_village' , 'grass_block'),
	('abandoned_village' , 'green_carpet'),
	('abandoned_village' , 'grindstone'),
	('abandoned_village' , 'hay_bale'),
	('abandoned_village' , 'iron_bars'),
	('abandoned_village' , 'lava'),
	('abandoned_village' , 'lectern'),
	('abandoned_village' , 'loom'),
	('abandoned_village' , 'mossy_cobblestone'),
	('abandoned_village' , 'oak_door'),
	('abandoned_village' , 'oak_fence'),
	('abandoned_village' , 'oak_fence_gate'),
	('abandoned_village' , 'oak_leaves'),
	('abandoned_village' , 'oak_log'),
	('abandoned_village' , 'oak_planks'),
	('abandoned_village' , 'oak_pressure_plate'),
	('abandoned_village' , 'oak_slab'),
	('abandoned_village' , 'oak_stairs'),
	('abandoned_village' , 'oak_trapdoor'),
	('abandoned_village' , 'oxeye_daisy'),
	('abandoned_village' , 'poppy'),
	('abandoned_village' , 'potatoes'),
	('abandoned_village' , 'potted_dandelion'),
	('abandoned_village' , 'smithing_table'),
	('abandoned_village' , 'smoker'),
	('abandoned_village' , 'smooth_stone'),
	('abandoned_village' , 'smooth_stone_slab'),
	('abandoned_village' , 'stonecutter'),
	('abandoned_village' , 'stripped_oak_log'),
	('abandoned_village' , 'stripped_oak_wood'),
	('abandoned_village' , 'tall_grass'),
	('abandoned_village' , 'terracotta'),
	('abandoned_village' , 'torch'),
	('abandoned_village' , 'wall_torch'),
	('abandoned_village' , 'water'),
	('abandoned_village' , 'water_cauldron'),
	('abandoned_village' , 'wheat'),
	('abandoned_village' , 'white_bed'),
	('abandoned_village' , 'white_carpet'),
	('abandoned_village' , 'white_stained_glass_pane'),
	('abandoned_village' , 'white_terracotta'),
	('abandoned_village' , 'white_wool'),
	('abandoned_village' , 'yellow_bed'),
	('abandoned_village' , 'yellow_carpet'),
	('abandoned_village' , 'yellow_stained_glass_pane'),
	('abandoned_village' , 'yellow_wool'),
	('abandoned_village' , 'barrel'),
	('abandoned_village' , 'beetroot'),
	('abandoned_village' , 'bell'),
	('abandoned_village' , 'blast_furnace'),
	('abandoned_village' , 'bookshelf'),
	('abandoned_village' , 'brewing_stand'),
	('abandoned_village' , 'cactus'),
	('abandoned_village' , 'cartography_table'),
	('abandoned_village' , 'chest'),
	('abandoned_village' , 'chiseled_sandstone'),
	('abandoned_village' , 'clay'),
	('abandoned_village' , 'cobblestone'),
	('abandoned_village' , 'cobweb'),
	('abandoned_village' , 'composter'),
	('abandoned_village' , 'crafting_table'),
	('abandoned_village' , 'cut_sandstone'),
	('abandoned_village' , 'cyan_bed'),
	('abandoned_village' , 'dead_bush'),
	('abandoned_village' , 'farmland'),
	('abandoned_village' , 'fletching_table'),
	('abandoned_village' , 'furnace'),
	('abandoned_village' , 'granite'),
	('abandoned_village' , 'granite_stairs'),
	('abandoned_village' , 'granite_wall'),
	('abandoned_village' , 'grass'),
	('abandoned_village' , 'grass_block'),
	('abandoned_village' , 'green_bed'),
	('abandoned_village' , 'green_carpet'),
	('abandoned_village' , 'grindstone'),
	('abandoned_village' , 'hay_bale'),
	('abandoned_village' , 'iron_bars'),
	('abandoned_village' , 'jungle_button'),
	('abandoned_village' , 'jungle_door'),
	('abandoned_village' , 'jungle_fence'),
	('abandoned_village' , 'jungle_fence_gate'),
	('abandoned_village' , 'jungle_trapdoor'),
	('abandoned_village' , 'ladder'),
	('abandoned_village' , 'lava'),
	('abandoned_village' , 'lectern'),
	('abandoned_village' , 'light_blue_glazed_terracotta'),
	('abandoned_village' , 'lime_bed'),
	('abandoned_village' , 'lime_carpet'),
	('abandoned_village' , 'lime_glazed_terracotta'),
	('abandoned_village' , 'lime_terracotta'),
	('abandoned_village' , 'loom'),
	('abandoned_village' , 'melon_stem'),
	('abandoned_village' , 'potted_cactus'),
	('abandoned_village' , 'potted_dead_bush'),
	('abandoned_village' , 'sand'),
	('abandoned_village' , 'sandstone'),
	('abandoned_village' , 'sandstone_slab'),
	('abandoned_village' , 'sandstone_wall'),
	('abandoned_village' , 'sea_pickle'),
	('abandoned_village' , 'smithing_table'),
	('abandoned_village' , 'smoker'),
	('abandoned_village' , 'smooth_sandstone'),
	('abandoned_village' , 'smooth_sandstone_slab'),
	('abandoned_village' , 'smooth_sandstone_stairs'),
	('abandoned_village' , 'smooth_stone_slab'),
	('abandoned_village' , 'stone_button'),
	('abandoned_village' , 'stonecutter'),
	('abandoned_village' , 'terracotta'),
	('abandoned_village' , 'torch'),
	('abandoned_village' , 'wall_torch'),
	('abandoned_village' , 'water'),
	('abandoned_village' , 'water_cauldron'),
	('abandoned_village' , 'wheat'),
	('abandoned_village' , 'white_carpet'),
	('abandoned_village' , 'white_glazed_terracotta'),
	('abandoned_village' , 'camel'),
	('abandoned_village' , 'barrel'),
	('abandoned_village' , 'bell'),
	('abandoned_village' , 'blast_furnace'),
	('abandoned_village' , 'blue_bed'),
	('abandoned_village' , 'blue_carpet'),
	('abandoned_village' , 'blue_ice'),
	('abandoned_village' , 'bookshelf'),
	('abandoned_village' , 'brewing_stand'),
	('abandoned_village' , 'brown_stained_glass_pane'),
	('abandoned_village' , 'carrots'),
	('abandoned_village' , 'cartography_table'),
	('abandoned_village' , 'chest'),
	('abandoned_village' , 'cobblestone'),
	('abandoned_village' , 'cobblestone_wall'),
	('abandoned_village' , 'cobweb'),
	('abandoned_village' , 'composter'),
	('abandoned_village' , 'diorite'),
	('abandoned_village' , 'diorite_stairs'),
	('abandoned_village' , 'diorite_wall'),
	('abandoned_village' , 'dirt'),
	('abandoned_village' , 'dirt_path'),
	('abandoned_village' , 'farmland'),
	('abandoned_village' , 'fletching_table'),
	('abandoned_village' , 'furnace'),
	('abandoned_village' , 'glass_pane'),
	('abandoned_village' , 'grass'),
	('abandoned_village' , 'grass_block'),
	('abandoned_village' , 'grindstone'),
	('abandoned_village' , 'iron_bars'),
	('abandoned_village' , 'lantern'),
	('abandoned_village' , 'lava'),
	('abandoned_village' , 'lectern'),
	('abandoned_village' , 'light_gray_wool'),
	('abandoned_village' , 'loom'),
	('abandoned_village' , 'packed_ice'),
	('abandoned_village' , 'potatoes'),
	('abandoned_village' , 'red_bed'),
	('abandoned_village' , 'red_carpet'),
	('abandoned_village' , 'smithing_table'),
	('abandoned_village' , 'smoker'),
	('abandoned_village' , 'smooth_stone'),
	('abandoned_village' , 'smooth_stone_slab'),
	('abandoned_village' , 'snow'),
	('abandoned_village' , 'snow_block'),
	('abandoned_village' , 'spruce_door'),
	('abandoned_village' , 'spruce_fence'),
	('abandoned_village' , 'spruce_fence_gate'),
	('abandoned_village' , 'spruce_log'),
	('abandoned_village' , 'spruce_leaves'),
	('abandoned_village' , 'spruce_planks'),
	('abandoned_village' , 'spruce_slab'),
	('abandoned_village' , 'spruce_stairs'),
	('abandoned_village' , 'stone_bricks'),
	('abandoned_village' , 'stripped_spruce_log'),
	('abandoned_village' , 'stripped_spruce_wood'),
	('abandoned_village' , 'torch'),
	('abandoned_village' , 'wall_torch'),
	('abandoned_village' , 'water'),
	('abandoned_village' , 'water_cauldron'),
	('abandoned_village' , 'wheat'),
	('abandoned_village' , 'white_bed'),
	('abandoned_village' , 'acacia_door'),
	('abandoned_village' , 'acacia_fence'),
	('abandoned_village' , 'acacia_fence_gate'),
	('abandoned_village' , 'acacia_leaves'),
	('abandoned_village' , 'acacia_log'),
	('abandoned_village' , 'acacia_planks'),
	('abandoned_village' , 'acacia_pressure_plate'),
	('abandoned_village' , 'acacia_sapling'),
	('abandoned_village' , 'acacia_slab'),
	('abandoned_village' , 'acacia_stairs'),
	('abandoned_village' , 'acacia_wood'),
	('abandoned_village' , 'barrel'),
	('abandoned_village' , 'bell'),
	('abandoned_village' , 'blast_furnace'),
	('abandoned_village' , 'bookshelf'),
	('abandoned_village' , 'brewing_stand'),
	('abandoned_village' , 'brown_stained_glass_pane'),
	('abandoned_village' , 'brown_wall_banner'),
	('abandoned_village' , 'cartography_table'),
	('abandoned_village' , 'chest'),
	('abandoned_village' , 'clay'),
	('abandoned_village' , 'cobblestone'),
	('abandoned_village' , 'cobblestone_wall'),
	('abandoned_village' , 'cobweb'),
	('abandoned_village' , 'composter'),
	('abandoned_village' , 'crafting_table'),
	('abandoned_village' , 'dandelion'),
	('abandoned_village' , 'dirt'),
	('abandoned_village' , 'dirt_path'),
	('abandoned_village' , 'farmland'),
	('abandoned_village' , 'fletching_table'),
	('abandoned_village' , 'glass_pane'),
	('abandoned_village' , 'grass'),
	('abandoned_village' , 'grass_block'),
	('abandoned_village' , 'grindstone'),
	('abandoned_village' , 'hay_bale'),
	('abandoned_village' , 'iron_bars'),
	('abandoned_village' , 'lava'),
	('abandoned_village' , 'melon'),
	('abandoned_village' , 'melon_stem'),
	('abandoned_village' , 'lectern'),
	('abandoned_village' , 'loom'),
	('abandoned_village' , 'orange_bed'),
	('abandoned_village' , 'orange_carpet'),
	('abandoned_village' , 'orange_glazed_terracotta'),
	('abandoned_village' , 'orange_stained_glass_pane'),
	('abandoned_village' , 'orange_terracotta'),
	('abandoned_village' , 'poppy'),
	('abandoned_village' , 'potted_dandelion'),
	('abandoned_village' , 'red_bed'),
	('abandoned_village' , 'red_carpet'),
	('abandoned_village' , 'red_terracotta'),
	('abandoned_village' , 'smithing_table'),
	('abandoned_village' , 'smoker'),
	('abandoned_village' , 'smooth_stone'),
	('abandoned_village' , 'smooth_stone_slab'),
	('abandoned_village' , 'stonecutter'),
	('abandoned_village' , 'stripped_acacia_log'),
	('abandoned_village' , 'tall_grass'),
	('abandoned_village' , 'torch'),
	('abandoned_village' , 'wall_torch'),
	('abandoned_village' , 'water'),
	('abandoned_village' , 'water_cauldron'),
	('abandoned_village' , 'white_carpet'),
	('abandoned_village' , 'yellow_glazed_terracotta'),
	('abandoned_village' , 'yellow_stained_glass_pane'),
	('abandoned_village' , 'yellow_terracotta'),
	('abandoned_village' , 'barrel'),
	('abandoned_village' , 'bell'),
	('abandoned_village' , 'blast_furnace'),
	('abandoned_village' , 'bookshelf'),
	('abandoned_village' , 'blue_bed'),
	('abandoned_village' , 'brewing_stand'),
	('abandoned_village' , 'brown_stained_glass_pane'),
	('abandoned_village' , 'campfire'),
	('abandoned_village' , 'cartography_table'),
	('abandoned_village' , 'chest'),
	('abandoned_village' , 'clay'),
	('abandoned_village' , 'cobblestone'),
	('abandoned_village' , 'cobblestone_stairs'),
	('abandoned_village' , 'cobblestone_wall'),
	('abandoned_village' , 'cobweb'),
	('abandoned_village' , 'composter'),
	('abandoned_village' , 'crafting_table'),
	('abandoned_village' , 'dirt'),
	('abandoned_village' , 'dirt_path'),
	('abandoned_village' , 'farmland'),
	('abandoned_village' , 'fern'),
	('abandoned_village' , 'fletching_table'),
	('abandoned_village' , 'furnace'),
	('abandoned_village' , 'glass_pane'),
	('abandoned_village' , 'gravel'),
	('abandoned_village' , 'grass'),
	('abandoned_village' , 'grass_block'),
	('abandoned_village' , 'grindstone'),
	('abandoned_village' , 'hay_bale'),
	('abandoned_village' , 'jack_o_lantern'),
	('abandoned_village' , 'ladder'),
	('abandoned_village' , 'large_fern'),
	('abandoned_village' , 'lectern'),
	('abandoned_village' , 'loom'),
	('abandoned_village' , 'mossy_cobblestone'),
	('abandoned_village' , 'poppy'),
	('abandoned_village' , 'potatoes'),
	('abandoned_village' , 'potted_poppy'),
	('abandoned_village' , 'potted_spruce_sapling'),
	('abandoned_village' , 'pumpkin'),
	('abandoned_village' , 'pumpkin_stem'),
	('abandoned_village' , 'purple_bed'),
	('abandoned_village' , 'purple_carpet'),
	('abandoned_village' , 'red_carpet'),
	('abandoned_village' , 'sand'),
	('abandoned_village' , 'smithing_table'),
	('abandoned_village' , 'smoker'),
	('abandoned_village' , 'smooth_stone_slab'),
	('abandoned_village' , 'stonecutter'),
	('abandoned_village' , 'spruce_door'),
	('abandoned_village' , 'spruce_fence'),
	('abandoned_village' , 'spruce_fence_gate'),
	('abandoned_village' , 'spruce_leaves'),
	('abandoned_village' , 'spruce_log'),
	('abandoned_village' , 'spruce_planks'),
	('abandoned_village' , 'spruce_pressure_plate'),
	('abandoned_village' , 'spruce_stairs'),
	('abandoned_village' , 'spruce_trapdoor'),
	('abandoned_village' , 'spruce_wall_sign'),
	('abandoned_village' , 'spruce_wood'),
	('abandoned_village' , 'sweet_berries'),
	('abandoned_village' , 'torch'),
	('abandoned_village' , 'wall_torch'),
	('abandoned_village' , 'wheat'),
	('abandoned_village' , 'water'),
	('abandoned_village' , 'water_cauldron'),
	('abandoned_village' , 'white_carpet'),
	('woodland_mansion' , 'attached_melon_stem'),
	('woodland_mansion' , 'attached_pumpkin_stem'),
	('woodland_mansion' , 'birch_fence'),
	('woodland_mansion' , 'birch_planks'),
	('woodland_mansion' , 'birch_slab'),
	('woodland_mansion' , 'birch_stairs'),
	('woodland_mansion' , 'black_wall_banner'),
	('woodland_mansion' , 'black_carpet'),
	('woodland_mansion' , 'black_wool'),
	('woodland_mansion' , 'block_of_diamond'),
	('woodland_mansion' , 'block_of_lapis_lazuli'),
	('woodland_mansion' , 'blue_carpet'),
	('woodland_mansion' , 'blue_wool'),
	('woodland_mansion' , 'bookshelf'),
	('woodland_mansion' , 'brown_carpet'),
	('woodland_mansion' , 'brown_mushroom'),
	('woodland_mansion' , 'brown_wool'),
	('woodland_mansion' , 'carved_pumpkin'),
	('woodland_mansion' , 'cauldron'),
	('woodland_mansion' , 'chest'),
	('woodland_mansion' , 'coarse_dirt'),
	('woodland_mansion' , 'cobblestone'),
	('woodland_mansion' , 'cobblestone_slab'),
	('woodland_mansion' , 'cobblestone_stairs'),
	('woodland_mansion' , 'cobblestone_wall'),
	('woodland_mansion' , 'cobweb'),
	('woodland_mansion' , 'cyan_carpet'),
	('woodland_mansion' , 'cyan_wool'),
	('woodland_mansion' , 'damaged_anvil'),
	('woodland_mansion' , 'dark_oak_door'),
	('woodland_mansion' , 'dark_oak_fence'),
	('woodland_mansion' , 'dark_oak_fence_gate'),
	('woodland_mansion' , 'dark_oak_leaves'),
	('woodland_mansion' , 'dark_oak_log'),
	('woodland_mansion' , 'dark_oak_sapling'),
	('woodland_mansion' , 'dark_oak_stairs'),
	('woodland_mansion' , 'dirt'),
	('woodland_mansion' , 'double_smooth_stone_slab'),
	('woodland_mansion' , 'farmland'),
	('woodland_mansion' , 'glass'),
	('woodland_mansion' , 'glass_pane'),
	('woodland_mansion' , 'gray_wall_banner'),
	('woodland_mansion' , 'gray_carpet'),
	('woodland_mansion' , 'gray_wool'),
	('woodland_mansion' , 'green_carpet'),
	('woodland_mansion' , 'green_wool'),
	('woodland_mansion' , 'infested_cobblestone'),
	('woodland_mansion' , 'iron_bars'),
	('woodland_mansion' , 'iron_door'),
	('woodland_mansion' , 'ladder'),
	('woodland_mansion' , 'lava'),
	('woodland_mansion' , 'lever'),
	('woodland_mansion' , 'light_blue_wool'),
	('woodland_mansion' , 'light_gray_wall_banner'),
	('woodland_mansion' , 'light_gray_carpet'),
	('woodland_mansion' , 'light_gray_wool'),
	('woodland_mansion' , 'lily_pad'),
	('woodland_mansion' , 'lime_carpet'),
	('woodland_mansion' , 'lime_wool'),
	('woodland_mansion' , 'magenta_carpet'),
	('woodland_mansion' , 'melon'),
	('woodland_mansion' , 'melon_stem'),
	('woodland_mansion' , 'monster_spawner'),
	('woodland_mansion' , 'oak_fence'),
	('woodland_mansion' , 'oak_planks'),
	('woodland_mansion' , 'oak_slab'),
	('woodland_mansion' , 'oak_stairs'),
	('woodland_mansion' , 'obsidian'),
	('woodland_mansion' , 'orange_wool'),
	('woodland_mansion' , 'pumpkin'),
	('woodland_mansion' , 'pumpkin_stem'),
	('woodland_mansion' , 'pink_carpet'),
	('woodland_mansion' , 'polished_andesite'),
	('woodland_mansion' , 'potted_allium'),
	('woodland_mansion' , 'potted_azure_bluet'),
	('woodland_mansion' , 'potted_birch_sapling'),
	('woodland_mansion' , 'potted_blue_orchid'),
	('woodland_mansion' , 'potted_dandelion'),
	('woodland_mansion' , 'potted_oxeye_daisy'),
	('woodland_mansion' , 'potted_poppy'),
	('woodland_mansion' , 'potted_red_tulip'),
	('woodland_mansion' , 'potted_white_tulip'),
	('woodland_mansion' , 'purple_carpet'),
	('woodland_mansion' , 'rail'),
	('woodland_mansion' , 'red_carpet'),
	('woodland_mansion' , 'red_mushroom'),
	('woodland_mansion' , 'red_wool'),
	('woodland_mansion' , 'redstone_dust'),
	('woodland_mansion' , 'smooth_stone_slab'),
	('woodland_mansion' , 'tnt'),
	('woodland_mansion' , 'torch'),
	('woodland_mansion' , 'trapped_chest'),
	('woodland_mansion' , 'vines'),
	('woodland_mansion' , 'wall_torch'),
	('woodland_mansion' , 'water'),
	('woodland_mansion' , 'water_cauldron'),
	('woodland_mansion' , 'wheat'),
	('woodland_mansion' , 'white_carpet'),
	('woodland_mansion' , 'white_wool'),
	('woodland_mansion' , 'yellow_carpet'),
	('woodland_mansion' , 'yellow_wool'),
	('ocean_ruins' , 'bricks'),
	('ocean_ruins' , 'chest'),
	('ocean_ruins' , 'chiseled_sandstone'),
	('ocean_ruins' , 'chiseled_stone_bricks'),
	('ocean_ruins' , 'cobblestone'),
	('ocean_ruins' , 'cracked_stone_bricks'),
	('ocean_ruins' , 'cut_sandstone'),
	('ocean_ruins' , 'dark_oak_planks'),
	('ocean_ruins' , 'gravel'),
	('ocean_ruins' , 'kelp'),
	('ocean_ruins' , 'kelp_plant'),
	('ocean_ruins' , 'light_blue_terracotta'),
	('ocean_ruins' , 'magma_block'),
	('ocean_ruins' , 'mossy_cobblestone'),
	('ocean_ruins' , 'mossy_stone_bricks'),
	('ocean_ruins' , 'obsidian'),
	('ocean_ruins' , 'polished_diorite'),
	('ocean_ruins' , 'polished_granite'),
	('ocean_ruins' , 'prismarine'),
	('ocean_ruins' , 'purple_glazed_terracotta'),
	('ocean_ruins' , 'sand'),
	('ocean_ruins' , 'sandstone'),
	('ocean_ruins' , 'sandstone_stairs'),
	('ocean_ruins' , 'sea_lantern'),
	('ocean_ruins' , 'seagrass'),
	('ocean_ruins' , 'spruce_planks'),
	('ocean_ruins' , 'stone_bricks'),
	('ocean_ruins' , 'stone_brick_stairs'),
	('ocean_ruins' , 'suspicious_gravel'),
	('ocean_ruins' , 'suspicious_sand'),
	('ocean_ruins' , 'tall_seagrass'),
	('ocean_ruins' , 'water'),
	('shipwreck' , 'acacia_door'),
	('shipwreck' , 'acacia_fence'),
	('shipwreck' , 'acacia_planks'),
	('shipwreck' , 'acacia_slab'),
	('shipwreck' , 'acacia_stairs'),
	('shipwreck' , 'acacia_trapdoor'),
	('shipwreck' , 'birch_fence'),
	('shipwreck' , 'birch_planks'),
	('shipwreck' , 'birch_slab'),
	('shipwreck' , 'birch_stairs'),
	('shipwreck' , 'chest'),
	('shipwreck' , 'dark_oak_door'),
	('shipwreck' , 'dark_oak_fence'),
	('shipwreck' , 'dark_oak_log'),
	('shipwreck' , 'dark_oak_planks'),
	('shipwreck' , 'dark_oak_slab'),
	('shipwreck' , 'dark_oak_stairs'),
	('shipwreck' , 'dark_oak_trapdoor'),
	('shipwreck' , 'jungle_door'),
	('shipwreck' , 'jungle_fence'),
	('shipwreck' , 'jungle_log'),
	('shipwreck' , 'jungle_planks'),
	('shipwreck' , 'jungle_slab'),
	('shipwreck' , 'jungle_stairs'),
	('shipwreck' , 'jungle_trapdoor'),
	('shipwreck' , 'oak_door'),
	('shipwreck' , 'oak_fence'),
	('shipwreck' , 'oak_log'),
	('shipwreck' , 'oak_planks'),
	('shipwreck' , 'oak_slab'),
	('shipwreck' , 'oak_stairs'),
	('shipwreck' , 'oak_trapdoor'),
	('shipwreck' , 'spruce_door'),
	('shipwreck' , 'spruce_fence'),
	('shipwreck' , 'spruce_log'),
	('shipwreck' , 'spruce_planks'),
	('shipwreck' , 'spruce_slab'),
	('shipwreck' , 'spruce_stairs'),
	('shipwreck' , 'spruce_trapdoor'),
	('shipwreck' , 'stripped_dark_oak_log'),
	('shipwreck' , 'stripped_jungle_log'),
	('shipwreck' , 'stripped_spruce_log'),
	('shipwreck' , 'stripped_oak_log'),
	('ocean_monument' , 'block_of_gold'),
	('ocean_monument' , 'dark_prismarine'),
	('ocean_monument' , 'kelp'),
	('ocean_monument' , 'kelp_plant'),
	('ocean_monument' , 'prismarine'),
	('ocean_monument' , 'prismarine_bricks'),
	('ocean_monument' , 'sea_lantern'),
	('ocean_monument' , 'seagrass'),
	('ocean_monument' , 'tall_seagrass'),
	('ocean_monument' , 'water'),
	('ocean_monument' , 'wet_sponge'),
	('end_city' , 'chest'),
	('end_city' , 'end_rod'),
	('end_city' , 'end_stone_bricks'),
	('end_city' , 'ender_chest'),
	('end_city' , 'magenta_wall_banner'),
	('end_city' , 'ladder'),
	('end_city' , 'magenta_stained_glass'),
	('end_city' , 'purpur_block'),
	('end_city' , 'purpur_slab'),
	('end_city' , 'purpur_stairs'),
	('end_city' , 'purpur_pillar'),
	('dungeon' , 'cobblestone'),
	('dungeon' , 'mossy_cobblestone'),
	('dungeon' , 'monster_spawner'),
	('dungeon' , 'chest'),
	('desert_well' , 'sand'),
	('desert_well' , 'sandstone'),
	('desert_well' , 'sandstone_slab'),
	('desert_well' , 'suspicious_sand'),
	('desert_well' , 'water'),
	('bonus_chest' , 'chest'),
	('bonus_chest' , 'torch'),
	('pile' , 'hay_bale'),
	('pile' , 'blue_ice'),
	('pile' , 'packed_ice'),
	('pile' , 'melon'),
	('pile' , 'jack_o_lantern'),
	('pile' , 'pumpkin'),
	('pile' , 'snow'),
	('coral_reef' , 'coral_block'),
	('coral_reef' , 'coral'),
	('coral_reef' , 'coral_fan'),
	('coral_reef' , 'sea_pickle'),
	('coral_reef' , 'dead_coral_blocks'),
	('coral_reef' , 'dead_coral_fans'),
	('coral_reef' , 'granite'),
	('coral_reef' , 'diorite'),
	('coral_reef' , 'andesite'),
	('coral_reef' , 'sand'),
	('forest_rock' , 'mossy_cobblestone'),
	('disk' , 'clay'),
	('disk' , 'gravel'),
	('disk' , 'sand'),
	('disk' , 'sandstone'),
	('disk' , 'grass_block'),
	('disk' , 'dirt'),
	('geode' , 'amethyst_cluster'),
	('geode' , 'large_amethyst_bud'),
	('geode' , 'medium_amethyst_bud'),
	('geode' , 'small_amethyst_bud'),
	('geode' , 'block_of_amethyst'),
	('geode' , 'budding_amethyst'),
	('geode' , 'calcite'),
	('geode' , 'smooth_basalt'),
	('fossil' , 'bone_block'),
	('fossil' , 'coal_ore'),
	('fossil' , 'diamond_ore'),
	('fossil' , 'deepslate_diamond_ore'),
	('ice_spike' , 'packed_ice'),
	('ice_patch' , 'packed_ice'),
	('iceberg' , 'packed_ice'),
	('iceberg' , 'blue_ice'),
	('iceberg' , 'snow_block'),
	('exit_portal' , 'bedrock'),
	('exit_portal' , 'end_stone'),
	('exit_portal' , 'end_portal_(block)'),
	('exit_portal' , 'torch'),
	('exit_portal' , 'dragon_egg'),
	('end_gateway' , 'bedrock'),
	('end_gateway' , 'end_gateway_(block)'),
	('end_spike' , 'air'),
	('end_spike' , 'bedrock'),
	('end_spike' , 'fire'),
	('end_spike' , 'iron_bars'),
	('end_spike' , 'obsidian'),
	('end_spike' , 'end_crystal'),
	('obsidian_platform' , 'obsidian'),
	('void_start_platform' , 'stone'),
	('void_start_platform' , 'cobblestone'),
	('ancient_city' , 'deepslate'),
	('ancient_city' , 'cobbled_deepslate'),
	('ancient_city' , 'polished_deepslate'),
	('ancient_city' , 'deepslate_bricks'),
	('ancient_city' , 'deepslate_tiles'),
	('ancient_city' , 'chiseled_deepslate'),
	('ancient_city' , 'cracked_deepslate_bricks'),
	('ancient_city' , 'cracked_deepslate_tiles'),
	('ancient_city' , 'cobbled_deepslate_slab'),
	('ancient_city' , 'cobbled_deepslate_stairs'),
	('ancient_city' , 'cobbled_deepslate_wall'),
	('ancient_city' , 'polished_deepslate_slab'),
	('ancient_city' , 'polished_deepslate_stairs'),
	('ancient_city' , 'polished_deepslate_wall'),
	('ancient_city' , 'deepslate_brick_slab'),
	('ancient_city' , 'deepslate_brick_stairs'),
	('ancient_city' , 'deepslate_brick_wall'),
	('ancient_city' , 'deepslate_tile_slab'),
	('ancient_city' , 'deepslate_tile_stairs'),
	('ancient_city' , 'deepslate_tile_wall'),
	('ancient_city' , 'gray_wool'),
	('ancient_city' , 'polished_basalt'),
	('ancient_city' , 'smooth_basalt'),
	('ancient_city' , 'dark_oak_log'),
	('ancient_city' , 'dark_oak_planks'),
	('ancient_city' , 'dark_oak_fence'),
	('ancient_city' , 'ladder'),
	('ancient_city' , 'candle'),
	('ancient_city' , 'soul_lantern'),
	('ancient_city' , 'torch'),
	('ancient_city' , 'chest'),
	('ancient_city' , 'reinforced_deepslate'),
	('ancient_city' , 'sculk_sensor'),
	('ancient_city' , 'redstone_lamp'),
	('ancient_city' , 'soul_fire'),
	('ancient_city' , 'soul_sand'),
	('ancient_city' , 'redstone_dust'),
	('ancient_city' , 'redstone_comparator'),
	('ancient_city' , 'redstone_repeater'),
	('ancient_city' , 'redstone_torch'),
	('ancient_city' , 'redstone_wall_torch'),
	('ancient_city' , 'block_of_redstone'),
	('ancient_city' , 'lectern'),
	('ancient_city' , 'target'),
	('ancient_city' , 'furnace'),
	('ancient_city' , 'lever'),
	('ancient_city' , 'sticky_piston'),
	('ancient_city' , 'piston_head'),
	('ancient_city' , 'gray_carpet'),
	('ancient_city' , 'glass'),
	('ancient_city' , 'glass_pane'),
	('ancient_city' , 'dirt'),
	('ancient_city' , 'grass_block'),
	('ancient_city' , 'blue_wool'),
	('ancient_city' , 'cyan_wool'),
	('ancient_city' , 'light_blue_wool'),
	('ancient_city' , 'campfire'),
	('ancient_city' , 'iron_trapdoor'),
	('ancient_city' , 'ice'),
	('ancient_city' , 'packed_ice'),
	('ancient_city' , 'blue_ice'),
	('ancient_city' , 'snow'),
	('ancient_city' , 'note_block'),
	('ancient_city' , 'stone_pressure_plate'),
	('ancient_city' , 'skeleton_skull'),
	('ancient_city' , 'white_candle'),
	('ancient_city' , 'water'),
	('ancient_city' , 'blue_carpet'),
	('ancient_city' , 'cyan_carpet'),
	('ancient_city' , 'light_blue_carpet'),
	('stronghold' , 'stone_bricks'),
	('stronghold' , 'cracked_stone_bricks'),
	('stronghold' , 'mossy_stone_bricks'),
	('stronghold' , 'infested_block'),
	('stronghold' , 'infested_block'),
	('stronghold' , 'infested_block'),
	('stronghold' , 'infested_block'),
	('stronghold' , 'infested_block'),
	('stronghold' , 'water'),
	('stronghold' , 'monster_spawner'),
	('stronghold' , 'iron_bars'),
	('stronghold' , 'lava'),
	('stronghold' , 'end_portal_frame'),
	('stronghold' , 'end_portal_(block)'),
	('stronghold' , 'torch'),
	('stronghold' , 'oak_fence'),
	('stronghold' , 'chest'),
	('stronghold' , 'stone_brick_slab'),
	('stronghold' , 'cobblestone'),
	('stronghold' , 'stone_brick_stairs'),
	('stronghold' , 'oak_planks'),
	('stronghold' , 'ladder'),
	('stronghold' , 'smooth_stone_slab'),
	('stronghold' , 'button'),
	('stronghold' , 'iron_door'),
	('stronghold' , 'stairs'),
	('stronghold' , 'oak_door'),
	('stronghold' , 'cobblestone_stairs'),
	('stronghold' , 'bookshelf'),
	('stronghold' , 'cobweb'),
	('ruined_portal' , 'block_of_gold'),
	('ruined_portal' , 'air'),
	('ruined_portal' , 'lava'),
	('ruined_portal' , 'magma_block'),
	('ruined_portal' , 'netherrack'),
	('ruined_portal' , 'netherrack'),
	('ruined_portal' , 'magma_block'),
	('ruined_portal' , 'obsidian'),
	('ruined_portal' , 'crying_obsidian'),
	('ruined_portal' , 'stairs'),
	('ruined_portal' , 'stone'),
	('ruined_portal' , 'stone_bricks'),
	('ruined_portal' , 'chiseled_stone_bricks'),
	('ruined_portal' , 'cracked_stone_bricks'),
	('ruined_portal' , 'stone_brick_stairs'),
	('ruined_portal' , 'mossy_stone_bricks'),
	('ruined_portal' , 'mossy_stone_brick_stairs'),
	('ruined_portal' , 'slab'),
	('ruined_portal' , 'mossy_stone_brick_slab'),
	('ruined_portal' , 'stone_slab'),
	('ruined_portal' , 'stone_brick_slab'),
	('ruined_portal' , 'mossy_stone_brick_stairs'),
	('ruined_portal' , 'mossy_stone_brick_slab'),
	('ruined_portal' , 'wall'),
	('ruined_portal' , 'mossy_stone_brick_wall'),
	('nether_fortress' , 'nether_bricks'),
	('nether_fortress' , 'nether_brick_fence'),
	('nether_fortress' , 'nether_brick_stairs'),
	('nether_fortress' , 'soul_sand'),
	('nether_fortress' , 'nether_wart'),
	('nether_fortress' , 'chest'),
	('nether_fortress' , 'monster_spawner'),
	('nether_fortress' , 'lava'),
	('bastion_remnant' , 'basalt'),
	('bastion_remnant' , 'polished_basalt'),
	('bastion_remnant' , 'blackstone'),
	('bastion_remnant' , 'blackstone_slab'),
	('bastion_remnant' , 'blackstone_stairs'),
	('bastion_remnant' , 'blackstone_wall'),
	('bastion_remnant' , 'gilded_blackstone'),
	('bastion_remnant' , 'polished_blackstone_bricks'),
	('bastion_remnant' , 'polished_blackstone_brick_stairs'),
	('bastion_remnant' , 'cracked_polished_blackstone_bricks'),
	('bastion_remnant' , 'chiseled_polished_blackstone'),
	('bastion_remnant' , 'block_of_gold'),
	('bastion_remnant' , 'chain'),
	('bastion_remnant' , 'chest'),
	('bastion_remnant' , 'fire'),
	('bastion_remnant' , 'glowstone'),
	('bastion_remnant' , 'lantern'),
	('bastion_remnant' , 'lava'),
	('bastion_remnant' , 'magma_block'),
	('bastion_remnant' , 'nether_wart'),
	('bastion_remnant' , 'netherrack'),
	('bastion_remnant' , 'block_of_quartz'),
	('bastion_remnant' , 'smooth_quartz'),
	('bastion_remnant' , 'smooth_quartz_slab'),
	('bastion_remnant' , 'soul_sand'),
	('bastion_remnant' , 'monster_spawner');

